routename,routeid,start,end,length,ave_speed(m/s),ave_grad,gap_time(s),track,path
R4,DC5061A(M),DC5061,DC5075,2093.676093,27.73237567,1.269060582,82.68491026,"['TDAB', 'TDAC']","['P826', 'P991', 'P264', 'P265', 'P266', 'P267', 'P268', 'P1654', 'P999', 'P1531', 'P1535', 'P1003', 'P831']"
R2,DC5062A(M),DC5062,DC5077,2093.567985,23.51713188,1.270937917,92.4804259,"['TFBY', 'TFBW']","['P827', 'P992', 'P270', 'P271', 'P272', 'P273', 'P274', 'P275', 'P1656', 'P1526', 'P1000', 'P1532', 'P1004', 'P833']"
R35,DC5063A(M),DC5063,DC5079,2195.246138,21.30900931,1.21253348,120.5608438,"['TNGW', 'TDCB', 'TDCG']","['P821', 'P995', 'P997', 'P282', 'P283', 'P284', 'P289', 'P285', 'P286', 'P1657', 'P1658', 'P1001', 'P329', 'P1527', 'P1533', 'P1005', 'P835']"
R36,DC5063B(M),DC5063,DC5081,2215.231199,18.88587734,1.202117587,139.5800597,"['TNGW', 'TDCB', 'TDCG', 'TFDU', 'TFDR']","['P821', 'P995', 'P997', 'P282', 'P283', 'P284', 'P289', 'P285', 'P286', 'P1657', 'P1658', 'P1001', 'P330', 'P331', 'P1298', 'P1299', 'P333', 'P332', 'P420', 'P1529', 'P1534', 'P1006', 'P837']"
R206,DC5063C(M),DC5063,EC5491,2005.526579,11.25041502,-0.189912073,218.5618059,"['TNGW', 'TDCB', 'TDCG', 'TFDU', 'TFDR', 'TEDC', 'TEDG', 'TEDH', 'TEDJ']","['P821', 'P995', 'P997', 'P282', 'P283', 'P284', 'P289', 'P285', 'P286', 'P1657', 'P1658', 'P1001', 'P330', 'P331', 'P1298', 'P1299', 'P333', 'P332', 'P421', 'P1530', 'P1542', 'P422', 'P423', 'P1300', 'P355', 'P1053', 'P1062', 'P1056', 'P828', 'P1536', 'P1064', 'P1538', 'P1541']"
R207,DC5063D(M),DC5063,EC5493,2123.618133,10.85580628,-0.178188983,245.7254296,"['TNGW', 'TDCB', 'TDCG', 'TFDU', 'TFDR', 'TEDC', 'TGAS', 'TGAR', 'TGAM']","['P821', 'P995', 'P997', 'P282', 'P283', 'P284', 'P289', 'P285', 'P286', 'P1657', 'P1658', 'P1001', 'P330', 'P331', 'P1298', 'P1299', 'P333', 'P332', 'P421', 'P1530', 'P1542', 'P422', 'P423', 'P1300', 'P355', 'P1672', 'P425', 'P426', 'P427', 'P1063', 'P1055', 'P829', 'P1537', 'P1539', 'P1054', 'P1540', 'P428', 'P429', 'P430', 'P431']"
R39,DC5064A(M),DC5064,DC5079,2172.721609,21.41405786,1.225103772,118.5454064,"['TRJS', 'TDCB', 'TDCG']","['P822', 'P996', 'P998', 'P288', 'P290', 'P289', 'P285', 'P286', 'P1657', 'P1658', 'P1001', 'P329', 'P1527', 'P1533', 'P1005', 'P835']"
R40,DC5064B(M),DC5064,DC5081,2192.706671,18.96507688,1.214466312,137.5646223,"['TRJS', 'TDCB', 'TDCG', 'TFDU', 'TFDR']","['P822', 'P996', 'P998', 'P288', 'P290', 'P289', 'P285', 'P286', 'P1657', 'P1658', 'P1001', 'P330', 'P331', 'P1298', 'P1299', 'P333', 'P332', 'P420', 'P1529', 'P1534', 'P1006', 'P837']"
R208,DC5064C(M),DC5064,EC5491,1983.00205,11.25126029,-0.192069247,216.5463685,"['TRJS', 'TDCB', 'TDCG', 'TFDU', 'TFDR', 'TEDC', 'TEDG', 'TEDH', 'TEDJ']","['P822', 'P996', 'P998', 'P288', 'P290', 'P289', 'P285', 'P286', 'P1657', 'P1658', 'P1001', 'P330', 'P331', 'P1298', 'P1299', 'P333', 'P332', 'P421', 'P1530', 'P1542', 'P422', 'P423', 'P1300', 'P355', 'P1053', 'P1062', 'P1056', 'P828', 'P1536', 'P1064', 'P1538', 'P1541']"
R209,DC5064D(M),DC5064,EC5493,2101.093605,10.85237368,-0.180099237,243.7099922,"['TRJS', 'TDCB', 'TDCG', 'TFDU', 'TFDR', 'TEDC', 'TGAS', 'TGAR', 'TGAM']","['P822', 'P996', 'P998', 'P288', 'P290', 'P289', 'P285', 'P286', 'P1657', 'P1658', 'P1001', 'P330', 'P331', 'P1298', 'P1299', 'P333', 'P332', 'P421', 'P1530', 'P1542', 'P422', 'P423', 'P1300', 'P355', 'P1672', 'P425', 'P426', 'P427', 'P1063', 'P1055', 'P829', 'P1537', 'P1539', 'P1054', 'P1540', 'P428', 'P429', 'P430', 'P431']"
R43,DC5065A(M),DC5065,DC5079,2449.367637,21.02155218,1.086733326,130.8164503,"['TDCA', 'TDCB', 'TDCG']","['P820', 'P1002', 'P316', 'P317', 'P318', 'P319', 'P286', 'P1657', 'P1658', 'P1001', 'P329', 'P1527', 'P1533', 'P1005', 'P835']"
R44,DC5065B(M),DC5065,DC5081,2469.352698,18.85011159,1.078407465,149.8356662,"['TDCA', 'TDCB', 'TDCG', 'TFDU', 'TFDR']","['P820', 'P1002', 'P316', 'P317', 'P318', 'P319', 'P286', 'P1657', 'P1658', 'P1001', 'P330', 'P331', 'P1298', 'P1299', 'P333', 'P332', 'P420', 'P1529', 'P1534', 'P1006', 'P837']"
R210,DC5065C(M),DC5065,EC5491,2259.648078,12.07001914,-0.168554437,228.8174124,"['TDCA', 'TDCB', 'TDCG', 'TFDU', 'TFDR', 'TEDC', 'TEDG', 'TEDH', 'TEDJ']","['P820', 'P1002', 'P316', 'P317', 'P318', 'P319', 'P286', 'P1657', 'P1658', 'P1001', 'P330', 'P331', 'P1298', 'P1299', 'P333', 'P332', 'P421', 'P1530', 'P1542', 'P422', 'P423', 'P1300', 'P355', 'P1053', 'P1062', 'P1056', 'P828', 'P1536', 'P1064', 'P1538', 'P1541']"
R211,DC5065D(M),DC5065,EC5493,2377.739633,11.67687828,-0.159144992,255.9810362,"['TDCA', 'TDCB', 'TDCG', 'TFDU', 'TFDR', 'TEDC', 'TGAS', 'TGAR', 'TGAM']","['P820', 'P1002', 'P316', 'P317', 'P318', 'P319', 'P286', 'P1657', 'P1658', 'P1001', 'P330', 'P331', 'P1298', 'P1299', 'P333', 'P332', 'P421', 'P1530', 'P1542', 'P422', 'P423', 'P1300', 'P355', 'P1672', 'P425', 'P426', 'P427', 'P1063', 'P1055', 'P829', 'P1537', 'P1539', 'P1054', 'P1540', 'P428', 'P429', 'P430', 'P431']"
R47,DC5066A(M),DC5066,DC5081,2239.900923,18.10638499,1.188877756,145.9497737,"['TFDY', 'TFDW', 'TFDU', 'TFDR']","['P823', 'P1057', 'P324', 'P325', 'P418', 'P326', 'P1662', 'P327', 'P328', 'P1050', 'P332', 'P420', 'P1529', 'P1534', 'P1006', 'P837']"
R212,DC5066B(M),DC5066,EC5491,2030.196302,10.48318828,-0.187604376,224.9315198,"['TFDY', 'TFDW', 'TFDU', 'TFDR', 'TEDC', 'TEDG', 'TEDH', 'TEDJ']","['P823', 'P1057', 'P324', 'P325', 'P418', 'P326', 'P1662', 'P327', 'P328', 'P1050', 'P332', 'P421', 'P1530', 'P1542', 'P422', 'P423', 'P1300', 'P355', 'P1053', 'P1062', 'P1056', 'P828', 'P1536', 'P1064', 'P1538', 'P1541']"
R213,DC5066C(M),DC5066,EC5493,2148.287857,10.13528552,-0.176142761,252.0951436,"['TFDY', 'TFDW', 'TFDU', 'TFDR', 'TEDC', 'TGAS', 'TGAR', 'TGAM']","['P823', 'P1057', 'P324', 'P325', 'P418', 'P326', 'P1662', 'P327', 'P328', 'P1050', 'P332', 'P421', 'P1530', 'P1542', 'P422', 'P423', 'P1300', 'P355', 'P1672', 'P425', 'P426', 'P427', 'P1063', 'P1055', 'P829', 'P1537', 'P1539', 'P1054', 'P1540', 'P428', 'P429', 'P430', 'P431']"
R116,DC5075A(M),DC5075,DC5083,9993.819007,28.31174042,0.218258144,354.047714,['TDAF'],"['P830', 'P1716', 'P1720', 'P1721', 'P1725', 'P492', 'P838', 'P1189', 'P1562']"
R1,DC5076A(C),DC5076,EC5480,3613.633403,12.73377386,-0.729792164,391.6764697,"['TFDR', 'TFDU', 'TFDW', 'TFDY', 'TECW']","['P1006', 'P1534', 'P1529', 'P420', 'P332', 'P1050', 'P328', 'P327', 'P1662', 'P326', 'P418', 'P419', 'P417', 'P1297', 'P1296', 'P416', 'P415', 'P414', 'P392', 'P393', 'P391', 'P390', 'P1048', 'P825', 'P1045', 'P389']"
R117,DC5076A(M),DC5076,EC5480,3613.633403,12.73377386,-0.729792164,391.6764697,"['TFDR', 'TFDU', 'TFDW', 'TFDY', 'TECW', 'TGAU', 'TGAW']","['P1006', 'P1534', 'P1529', 'P420', 'P332', 'P1050', 'P328', 'P327', 'P1662', 'P326', 'P418', 'P419', 'P417', 'P1297', 'P1296', 'P416', 'P415', 'P414', 'P392', 'P393', 'P391', 'P390', 'P1048', 'P825', 'P1045', 'P389']"
R8,DC5076B(C),DC5076,EC5484,3520.69888,12.89289723,-0.749056205,377.8172292,,"['P1006', 'P1534', 'P1529', 'P420', 'P332', 'P1050', 'P328', 'P327', 'P1662', 'P326', 'P418', 'P419', 'P417', 'P1297', 'P1296', 'P416', 'P415', 'P414', 'P392', 'P344', 'P1047', 'P824', 'P1046', 'P819']"
R118,DC5076B(M),DC5076,EC5484,3520.69888,12.89289723,-0.749056205,377.8172292,"['TFDR', 'TFDU', 'TFDW', 'TFDY', 'TECW', 'TECV', 'TECS']","['P1006', 'P1534', 'P1529', 'P420', 'P332', 'P1050', 'P328', 'P327', 'P1662', 'P326', 'P418', 'P419', 'P417', 'P1297', 'P1296', 'P416', 'P415', 'P414', 'P392', 'P344', 'P1047', 'P824', 'P1046', 'P819']"
R10,DC5076C(C),DC5076,TD5056,3838.392644,16.12392555,-0.687058774,265.4303683,,"['P1006', 'P1534', 'P1529', 'P420', 'P332', 'P1050', 'P328', 'P327', 'P1662', 'P326', 'P418', 'P325', 'P324', 'P1057', 'P823', 'P1058', 'P1059', 'P818']"
R119,DC5076C(M),DC5076,TD5056,3838.392644,16.12392555,-0.687058774,265.4303683,"['TFDR', 'TFDU', 'TFDW', 'TFDY', 'TFML', 'TFMN', 'TFMP']","['P1006', 'P1534', 'P1529', 'P420', 'P332', 'P1050', 'P328', 'P327', 'P1662', 'P326', 'P418', 'P325', 'P324', 'P1057', 'P823', 'P1058', 'P1059', 'P818']"
R37,DC5076D(C),DC5076,TD5055,3842.853835,16.87902578,-0.686261163,252.5399408,,"['P1006', 'P1534', 'P1529', 'P420', 'P332', 'P333', 'P1299', 'P1298', 'P331', 'P330', 'P1001', 'P1658', 'P1657', 'P286', 'P319', 'P318', 'P317', 'P316', 'P1002', 'P820', 'P1061', 'P1060', 'P816']"
R120,DC5076D(M),DC5076,TD5055,3842.853835,16.87902578,-0.686261163,252.5399408,"['TFDR', 'TFDU', 'TDCG', 'TDCB', 'TDCA', 'TDPK', 'TDPJ', 'TDPG']","['P1006', 'P1534', 'P1529', 'P420', 'P332', 'P333', 'P1299', 'P1298', 'P331', 'P330', 'P1001', 'P1658', 'P1657', 'P286', 'P319', 'P318', 'P317', 'P316', 'P1002', 'P820', 'P1061', 'P1060', 'P816']"
R38,DC5076E(C),DC5076,TD5054,3709.960808,15.74681473,-0.710843451,273.7303619,,"['P1006', 'P1534', 'P1529', 'P420', 'P332', 'P333', 'P1299', 'P1298', 'P331', 'P330', 'P1001', 'P1658', 'P1657', 'P286', 'P285', 'P289', 'P290', 'P288', 'P998', 'P996', 'P822', 'P994', 'P988', 'P815']"
R121,DC5076E(M),DC5076,TD5054,3709.960808,15.74681473,-0.710843451,273.7303619,"['TFDR', 'TFDU', 'TDCG', 'TDCB', 'TRJS', 'TRJV', 'TRJW', 'TRJY']","['P1006', 'P1534', 'P1529', 'P420', 'P332', 'P333', 'P1299', 'P1298', 'P331', 'P330', 'P1001', 'P1658', 'P1657', 'P286', 'P285', 'P289', 'P290', 'P288', 'P998', 'P996', 'P822', 'P994', 'P988', 'P815']"
R41,DC5076F(C),DC5076,TD5053,3732.485336,15.71923112,-0.706553705,275.7457993,,"['P1006', 'P1534', 'P1529', 'P420', 'P332', 'P333', 'P1299', 'P1298', 'P331', 'P330', 'P1001', 'P1658', 'P1657', 'P286', 'P285', 'P289', 'P284', 'P283', 'P282', 'P997', 'P995', 'P821', 'P993', 'P987', 'P814']"
R122,DC5076F(M),DC5076,TD5053,3732.485336,15.71923112,-0.706553705,275.7457993,"['TFDR', 'TFDU', 'TDCG', 'TDCB', 'TNGW', 'TNGU', 'TNGS', 'TNGR']","['P1006', 'P1534', 'P1529', 'P420', 'P332', 'P333', 'P1299', 'P1298', 'P331', 'P330', 'P1001', 'P1658', 'P1657', 'P286', 'P285', 'P289', 'P284', 'P283', 'P282', 'P997', 'P995', 'P821', 'P993', 'P987', 'P814']"
R123,DC5077A(M),DC5077,DC5085,11064.22191,28.17745024,0.19683146,393.9673571,['TFBR'],"['P832', 'P1715', 'P1719', 'P1722', 'P1726', 'P1727', 'P493', 'P1190', 'P1563']"
R42,DC5078A(C),DC5078,TD5055,3822.367656,18.25887244,-0.689201414,233.5020421,,"['P1005', 'P1533', 'P1527', 'P329', 'P1001', 'P1658', 'P1657', 'P286', 'P319', 'P318', 'P317', 'P316', 'P1002', 'P820', 'P1061', 'P1060', 'P816']"
R124,DC5078A(M),DC5078,TD5055,3822.367656,18.25887244,-0.689201414,233.5020421,"['TDCG', 'TDCB', 'TDCA', 'TDPK', 'TDPJ', 'TDPG']","['P1005', 'P1533', 'P1527', 'P329', 'P1001', 'P1658', 'P1657', 'P286', 'P319', 'P318', 'P317', 'P316', 'P1002', 'P820', 'P1061', 'P1060', 'P816']"
R45,DC5078B(C),DC5078,TD5054,3689.474629,17.17007606,-0.714026103,254.6924632,,"['P1005', 'P1533', 'P1527', 'P329', 'P1001', 'P1658', 'P1657', 'P286', 'P285', 'P289', 'P290', 'P288', 'P998', 'P996', 'P822', 'P994', 'P988', 'P815']"
R125,DC5078B(M),DC5078,TD5054,3689.474629,17.17007606,-0.714026103,254.6924632,"['TDCG', 'TDCB', 'TRJS', 'TRJV', 'TRJW', 'TRJY']","['P1005', 'P1533', 'P1527', 'P329', 'P1001', 'P1658', 'P1657', 'P286', 'P285', 'P289', 'P290', 'P288', 'P998', 'P996', 'P822', 'P994', 'P988', 'P815']"
R48,DC5078C(C),DC5078,TD5053,3711.999157,17.13370382,-0.70969337,256.7079005,,"['P1005', 'P1533', 'P1527', 'P329', 'P1001', 'P1658', 'P1657', 'P286', 'P285', 'P289', 'P284', 'P283', 'P282', 'P997', 'P995', 'P821', 'P993', 'P987', 'P814']"
R126,DC5078C(M),DC5078,TD5053,3711.999157,17.13370382,-0.70969337,256.7079005,"['TDCG', 'TDCB', 'TNGW', 'TNGU', 'TNGS', 'TNGR']","['P1005', 'P1533', 'P1527', 'P329', 'P1001', 'P1658', 'P1657', 'P286', 'P285', 'P289', 'P284', 'P283', 'P282', 'P997', 'P995', 'P821', 'P993', 'P987', 'P814']"
R127,DC5079A(M),DC5079,DC5087,11067.81265,27.69776937,0.196414581,399.6297638,['TDCK'],"['P834', 'P1714', 'P1718', 'P1723', 'P1728', 'P1729', 'P494', 'P1191', 'P1564']"
R46,DC5080A(C),DC5080,DW5302,3827.889985,22.48484994,-0.690146954,182.5786113,,"['P1004', 'P1532', 'P1000', 'P1526', 'P1656', 'P275', 'P274', 'P273', 'P272', 'P271', 'P270', 'P992', 'P827', 'P990', 'P986', 'P813']"
R128,DC5080A(M),DC5080,DW5302,3827.889985,22.48484994,-0.690146954,182.5786113,"['TFBW', 'TFBY', 'TYTS', 'TYTV', 'TYTW']","['P1004', 'P1532', 'P1000', 'P1526', 'P1656', 'P275', 'P274', 'P273', 'P272', 'P271', 'P270', 'P992', 'P827', 'P990', 'P986', 'P813']"
R129,DC5081A(M),DC5081,DC5089,11054.02604,27.69757063,0.197561266,399.1349141,"['TFDM', 'TFDK']","['P836', 'P1713', 'P1717', 'P1724', 'P1730', 'P1731', 'P504', 'P1192', 'P1565', 'P1193']"
R49,DC5082A(C),DC5082,DW5301,3827.054093,19.41537994,-0.689848799,199.3358586,,"['P1003', 'P1535', 'P1531', 'P999', 'P1654', 'P268', 'P267', 'P266', 'P265', 'P264', 'P991', 'P826', 'P989', 'P985', 'P817']"
R130,DC5082A(M),DC5082,DW5301,3827.054093,19.41537994,-0.689848799,199.3358586,"['TDAC', 'TDAB', 'TPSU', 'TPSM', 'TPSL']","['P1003', 'P1535', 'P1531', 'P999', 'P1654', 'P268', 'P267', 'P266', 'P265', 'P264', 'P991', 'P826', 'P989', 'P985', 'P817']"
R131,DC5083A(M),DC5083,DC5093,1785.349661,49.17440005,-0.534372996,36.30648588,"['TDAG', 'TDAJ', 'TDAK', 'TDAL', 'TDAP', 'TDAR', 'TDAU']","['P839', 'P1185', 'P843', 'P509', 'P1194', 'P1196', 'P569', 'P1202', 'P1570', 'P585', 'P587', 'P1203', 'P1204', 'P847', 'P1211']"
R132,DC5084A(M),DC5084,DC5076,12587.92329,27.45209584,-0.067938599,459.2370102,"['TFDB', 'TFDC', 'TFDE', 'TFDG', 'TFDK', 'TFDM', 'TFDP']","['P604', 'P597', 'P602', 'P601', 'P600', 'P599', 'P598', 'P1568', 'P846', 'P573', 'P1207', 'P960', 'P1188', 'P842', 'P1193', 'P1565', 'P1192', 'P504', 'P1731', 'P1730', 'P1724', 'P1717', 'P1713', 'P836', 'P837']"
R133,DC5084B(M),DC5084,DC5078,12593.28892,27.62527441,-0.048516083,456.8159662,"['TFDB', 'TFBE', 'TFBG', 'TDCR', 'TDCM', 'TDCL', 'TDCK', 'TDCH']","['P604', 'P607', 'P1320', 'P606', 'P605', 'P1206', 'P1567', 'P577', 'P580', 'P1306', 'P579', 'P1310', 'P578', 'P845', 'P563', 'P1200', 'P1199', 'P557', 'P1187', 'P841', 'P1564', 'P1191', 'P494', 'P1729', 'P1728', 'P1723', 'P1718', 'P1714', 'P834', 'P835']"
R134,DC5084C(M),DC5084,DC5080,12521.84355,28.88872858,-0.059008102,437.4948225,"['TFDB', 'TFBE', 'TFBG', 'TFBK', 'TFBN', 'TFBP', 'TFBR', 'TFBU']","['P604', 'P607', 'P1320', 'P606', 'P605', 'P1206', 'P1567', 'P577', 'P584', 'P582', 'P1201', 'P568', 'P558', 'P1195', 'P1186', 'P840', 'P1563', 'P1190', 'P493', 'P1727', 'P1726', 'P1722', 'P1719', 'P1715', 'P832', 'P833']"
R135,DC5085A(M),DC5085,DC5093,1790.702301,40.97856613,-0.538478774,45.09975822,"['TFBP', 'TFBN', 'TFBK', 'TFBG', 'TDAL', 'TDAP', 'TDAR', 'TDAU']","['P840', 'P1186', 'P1195', 'P558', 'P568', 'P1201', 'P582', 'P586', 'P901', 'P1309', 'P900', 'P1569', 'P585', 'P587', 'P1203', 'P1204', 'P847', 'P1211']"
R136,DC5085B(M),DC5085,DC5095,1786.932,35.76320003,-0.534243856,49.96566298,"['TFBP', 'TFBN', 'TFBK', 'TFBG', 'TFBE', 'TFBD']","['P840', 'P1186', 'P1195', 'P558', 'P568', 'P1201', 'P582', 'P584', 'P577', 'P1567', 'P1206', 'P603', 'P1205', 'P848', 'P608']"
R137,DC5085C(M),DC5085,DC5097,1794.453644,27.89365495,-0.525708723,48.60546591,"['TFBP', 'TFBN', 'TFBK', 'TFBG', 'TFBE', 'TFDB', 'TFMJ']","['P840', 'P1186', 'P1195', 'P558', 'P568', 'P1201', 'P582', 'P584', 'P577', 'P1567', 'P1206', 'P605', 'P606', 'P1320', 'P607', 'P604', 'P849', 'P609']"
R138,DC5087A(M),DC5087,DC5093,1887.638956,40.5433883,-0.615311172,49.94677056,"['TDCL', 'TDCM', 'TFBN', 'TFBK', 'TDAK', 'TDAL', 'TDAP', 'TDAR', 'TDAU']","['P841', 'P1187', 'P559', 'P560', 'P1197', 'P1198', 'P561', 'P562', 'P558', 'P570', 'P571', 'P1303', 'P1304', 'P572', 'P569', 'P1202', 'P1570', 'P585', 'P587', 'P1203', 'P1204', 'P847', 'P1211']"
R139,DC5087B(M),DC5087,DC5095,1852.240645,30.61839157,-0.586912601,61.72599742,"['TDCL', 'TDCM', 'TDCR', 'TFBG', 'TFBE', 'TFBD']","['P841', 'P1187', 'P557', 'P1199', 'P1200', 'P563', 'P845', 'P578', 'P1310', 'P579', 'P1306', 'P580', 'P577', 'P1567', 'P1206', 'P603', 'P1205', 'P848', 'P608']"
R140,DC5087C(M),DC5087,DC5097,1859.762289,23.04600637,-0.578464179,60.36580035,"['TDCL', 'TDCM', 'TDCR', 'TFBG', 'TFBE', 'TFDB', 'TFMJ']","['P841', 'P1187', 'P557', 'P1199', 'P1200', 'P563', 'P845', 'P578', 'P1310', 'P579', 'P1306', 'P580', 'P577', 'P1567', 'P1206', 'P605', 'P606', 'P1320', 'P607', 'P604', 'P849', 'P609']"
R141,DC5088A(M),DC5088,DC5076,12655.70279,27.89991312,-0.066411976,454.718223,"['TFBE', 'TFBG', 'TDCR', 'TFDE', 'TFDG', 'TFDK', 'TFDM', 'TFDP']","['P1205', 'P603', 'P1206', 'P1567', 'P577', 'P580', 'P1306', 'P579', 'P1310', 'P578', 'P845', 'P563', 'P567', 'P1302', 'P1301', 'P566', 'P565', 'P961', 'P1188', 'P842', 'P1193', 'P1565', 'P1192', 'P504', 'P1731', 'P1730', 'P1724', 'P1717', 'P1713', 'P836', 'P837']"
R142,DC5088B(M),DC5088,DC5078,12585.11827,27.90708993,-0.047572437,452.0675257,"['TFBE', 'TFBG', 'TDCR', 'TDCM', 'TDCL', 'TDCK', 'TDCH']","['P1205', 'P603', 'P1206', 'P1567', 'P577', 'P580', 'P1306', 'P579', 'P1310', 'P578', 'P845', 'P563', 'P1200', 'P1199', 'P557', 'P1187', 'P841', 'P1564', 'P1191', 'P494', 'P1729', 'P1728', 'P1723', 'P1718', 'P1714', 'P834', 'P835']"
R143,DC5088C(M),DC5088,DC5080,12513.67291,29.17297804,-0.058065919,432.7463819,"['TFBE', 'TFBG', 'TFBK', 'TFBN', 'TFBP', 'TFBR', 'TFBU']","['P1205', 'P603', 'P1206', 'P1567', 'P577', 'P584', 'P582', 'P1201', 'P568', 'P558', 'P1195', 'P1186', 'P840', 'P1563', 'P1190', 'P493', 'P1727', 'P1726', 'P1722', 'P1719', 'P1715', 'P832', 'P833']"
R144,DC5089A(M),DC5089,DC5095,1937.112883,30.45207483,-0.440668317,64.89022725,"['TFDG', 'TFDE', 'TDCR', 'TFBG', 'TFBE', 'TFBD']","['P842', 'P1188', 'P961', 'P565', 'P566', 'P1301', 'P1302', 'P567', 'P563', 'P845', 'P578', 'P1310', 'P579', 'P1306', 'P580', 'P577', 'P1567', 'P1206', 'P603', 'P1205', 'P848', 'P608']"
R73,DC5089B(C),DC5089,DC5097,1868.684384,25.0677023,-0.44945173,75.13800408,,"['P842', 'P1188', 'P960', 'P1207', 'P573', 'P846', 'P1568', 'P598', 'P599', 'P600', 'P601', 'P602', 'P597', 'P604', 'P849', 'P609']"
R145,DC5089B(M),DC5089,DC5097,1868.684384,25.0677023,-0.44945173,75.13800408,"['TFDG', 'TFDE', 'TFDC', 'TFDB', 'TFMJ']","['P842', 'P1188', 'P960', 'P1207', 'P573', 'P846', 'P1568', 'P598', 'P599', 'P600', 'P601', 'P602', 'P597', 'P604', 'P849', 'P609']"
R146,DC5090A(M),DC5090,DC5078,12580.35246,28.65430999,-0.048567531,444.6873579,"['TDAP', 'TDAL', 'TFBG', 'TFBK', 'TFBN', 'TDCM', 'TDCL', 'TDCK', 'TDCH']","['P1204', 'P1203', 'P587', 'P585', 'P1569', 'P900', 'P1309', 'P901', 'P586', 'P582', 'P1201', 'P568', 'P558', 'P562', 'P561', 'P1198', 'P1197', 'P560', 'P559', 'P1187', 'P841', 'P1564', 'P1191', 'P494', 'P1729', 'P1728', 'P1723', 'P1718', 'P1714', 'P834', 'P835']"
R147,DC5090B(M),DC5090,DC5080,12518.74021,29.55537375,-0.057431359,430.5241367,"['TDAP', 'TDAL', 'TFBG', 'TFBK', 'TFBN', 'TFBP', 'TFBR', 'TFBU']","['P1204', 'P1203', 'P587', 'P585', 'P1569', 'P900', 'P1309', 'P901', 'P586', 'P582', 'P1201', 'P568', 'P558', 'P1195', 'P1186', 'P840', 'P1563', 'P1190', 'P493', 'P1727', 'P1726', 'P1722', 'P1719', 'P1715', 'P832', 'P833']"
R148,DC5090C(M),DC5090,DC5082,11442.35867,30.03446052,-0.063846194,397.4688979,"['TDAP', 'TDAL', 'TDAK', 'TDAJ', 'TDAG', 'TDAF', 'TDAE']","['P1204', 'P1203', 'P587', 'P585', 'P1570', 'P1202', 'P569', 'P1196', 'P1194', 'P509', 'P843', 'P1185', 'P839', 'P1562', 'P1189', 'P838', 'P492', 'P1725', 'P1721', 'P1720', 'P1716', 'P830', 'P831']"
R149,DC5092A(M),DC5092,DC5084,1381.3,22.35200002,-1.034035054,61.79760195,"['TFMD', 'TFME', 'TFMH', 'TFMJ']","['P1217', 'P1216', 'P1573', 'P1214', 'P1208', 'P852', 'P609', 'P849']"
R76,DC5093A(C),DC5093,DC5107,2308.201558,49.16783543,0.992429563,46.95632143,,"['P850', 'P1210', 'P1212', 'P551', 'P1572', 'P547', 'P548', 'P549', 'P546', 'P1319', 'P1220', 'P853', 'P1576', 'P857', 'P1222']"
R150,DC5093A(M),DC5093,DC5107,2308.201558,49.16783543,0.992429563,46.95632143,"['TDAV', 'TDAW', 'TDBA', 'TDEB', 'TDEB', 'TDEC', 'TDEG']","['P850', 'P1210', 'P1212', 'P551', 'P1572', 'P547', 'P548', 'P549', 'P546', 'P1319', 'P1220', 'P853', 'P1576', 'P857', 'P1222']"
R151,DC5093B(M),DC5093,DC5101,1463.309976,49.16404513,0.895053017,29.77478834,"['TDAV', 'TDAW', 'TDBA', 'TDBC', 'TDBE']","['P850', 'P1210', 'P1212', 'P551', 'P1572', 'P545', 'P1221', 'P1219', 'P854', 'P1577']"
R152,DC5094A(M),DC5094,DC5088,1381.324,35.76320003,-1.034444488,38.6241723,"['TFAM', 'TFAS', 'TFAW', 'TFBD']","['P1218', 'P1215', 'P1571', 'P550', 'P1213', 'P1209', 'P851', 'P608', 'P848']"
R153,DC5095A(M),DC5095,DC5107,2373.911768,43.84031037,1.006534544,59.1467056,"['TFAW', 'TFAS', 'TDAW', 'TDBA', 'TDEB', 'TDEB', 'TDEC', 'TDEG']","['P851', 'P1209', 'P1213', 'P552', 'P553', 'P554', 'P555', 'P556', 'P551', 'P1572', 'P547', 'P548', 'P549', 'P546', 'P1319', 'P1220', 'P853', 'P1576', 'P857', 'P1222']"
R154,DC5095B(M),DC5095,DC5101,1529.020186,40.8928493,0.921136789,41.96517251,"['TFAW', 'TFAS', 'TDAW', 'TDBA', 'TDBC', 'TDBE']","['P851', 'P1209', 'P1213', 'P552', 'P553', 'P554', 'P555', 'P556', 'P551', 'P1572', 'P545', 'P1221', 'P1219', 'P854', 'P1577']"
R155,DC5095C(M),DC5095,DC5103,1467.075,35.76320003,0.896645861,41.02191635,"['TFAW', 'TFAS', 'TFAM', 'TFAL']","['P851', 'P1209', 'P1213', 'P550', 'P1571', 'P1215', 'P1218', 'P855', 'P1578']"
R156,DC5096A(M),DC5096,DC5088,1443.224186,37.21125325,-1.053539206,42.83772764,"['TDBC', 'TDBA', 'TDAW', 'TFAS', 'TFAW', 'TFBD']","['P1219', 'P1221', 'P545', 'P1572', 'P551', 'P556', 'P555', 'P554', 'P553', 'P552', 'P1213', 'P1209', 'P851', 'P608', 'P848']"
R157,DC5096B(M),DC5096,DC5090,1376.216976,49.16338982,-1.031703909,28.00368386,"['TDBC', 'TDBA', 'TDAW', 'TDAV', 'TDAU', 'TDAR']","['P1219', 'P1221', 'P545', 'P1572', 'P551', 'P1212', 'P1210', 'P850', 'P1211', 'P847']"
R158,DC5097A(M),DC5097,DC5105,1467.715,22.35200002,0.896735162,65.66369894,"['TFMH', 'TFME', 'TFMD', 'TFMC']","['P852', 'P1208', 'P1214', 'P1573', 'P1216', 'P1217', 'P856', 'P1579']"
R159,DC5098A(M),DC5098,DC5088,1516.665516,37.79054341,-1.002523791,44.33121469,"['TDEB', 'TDBA', 'TDAW', 'TFAS', 'TFAW', 'TFBD']","['P1220', 'P1319', 'P546', 'P549', 'P548', 'P547', 'P1572', 'P551', 'P556', 'P555', 'P554', 'P553', 'P552', 'P1213', 'P1209', 'P851', 'P608', 'P848']"
R160,DC5098B(M),DC5098,DC5090,1449.658306,49.16394761,-0.979436622,29.49717091,"['TDEB', 'TDBA', 'TDAW', 'TDAV', 'TDAU', 'TDAR']","['P1220', 'P1319', 'P546', 'P549', 'P548', 'P547', 'P1572', 'P551', 'P1212', 'P1210', 'P850', 'P1211', 'P847']"
R161,DC5101A(M),DC5101,DC5109,1476.025,48.08918339,1.459418122,30.74478589,"['TDBF', 'TDBH', 'TDBK', 'TDBL', 'TDBN']","['P858', 'P1223', 'P1226', 'P500', 'P533', 'P529', 'P1232', 'P526', 'P862', 'P1582', 'P616']"
R105,DC5102A(C),DC5102,DC5092,1613.439474,30.06853791,-1.183188455,60.43846119,,"['P526', 'P1232', 'P529', 'P533', 'P500', 'P503', 'P1229', 'P502', 'P501', 'P497', 'P498', 'P1228', 'P496', 'P495', 'P1225', 'P860', 'P1579', 'P856']"
R162,DC5102A(M),DC5102,DC5092,1613.439474,30.06853791,-1.183188455,60.43846119,"['TDBL', 'TDBK', 'TDBH', 'TFAH', 'TFAJ', 'TFMB', 'TFMC']","['P526', 'P1232', 'P529', 'P533', 'P500', 'P503', 'P1229', 'P502', 'P501', 'P497', 'P498', 'P1228', 'P496', 'P495', 'P1225', 'P860', 'P1579', 'P856']"
R163,DC5102B(M),DC5102,DC5094,1601.632245,37.37327157,-1.182345541,45.38846658,"['TDBL', 'TDBK', 'TDBH', 'TFAH', 'TFAJ', 'TFAK', 'TFAL']","['P526', 'P1232', 'P529', 'P533', 'P500', 'P503', 'P1229', 'P502', 'P501', 'P497', 'P1227', 'P1224', 'P859', 'P1578', 'P855']"
R164,DC5102C(M),DC5102,DC5096,1554.162,49.15298233,-1.180470957,31.62024547,"['TDBL', 'TDBK', 'TDBH', 'TDBF', 'TDBE']","['P526', 'P1232', 'P529', 'P533', 'P500', 'P1226', 'P1223', 'P858', 'P1577', 'P854']"
R165,DC5102D(M),DC5102,DC5098,1619.097148,49.1538413,-1.183958201,32.94075264,"['TDBL', 'TDEK', 'TDEG', 'TDEC']","['P526', 'P527', 'P525', 'P524', 'P523', 'P1231', 'P528', 'P1757', 'P1222', 'P857', 'P1576', 'P853']"
R166,DC5103A(M),DC5103,DC5109,1523.540245,39.51484567,1.45357304,41.24270782,"['TFAK', 'TFAJ', 'TFAH', 'TDBH', 'TDBK', 'TDBL', 'TDBN']","['P859', 'P1224', 'P1227', 'P497', 'P501', 'P502', 'P1229', 'P503', 'P500', 'P533', 'P529', 'P1232', 'P526', 'P862', 'P1582', 'P616']"
R167,DC5104A(M),DC5104,DC5092,1701.819575,28.84899166,-1.187800679,62.30561893,"['TFAE', 'TFAG', 'TFAH', 'TFAJ', 'TFMB', 'TFMC']","['P1233', 'P534', 'P861', 'P540', 'P1230', 'P499', 'P497', 'P498', 'P1228', 'P496', 'P495', 'P1225', 'P860', 'P1579', 'P856']"
R168,DC5104B(M),DC5104,DC5094,1690.012345,35.76320003,-1.187034069,47.25562432,"['TFAE', 'TFAG', 'TFAH', 'TFAJ', 'TFAK', 'TFAL']","['P1233', 'P534', 'P861', 'P540', 'P1230', 'P499', 'P497', 'P1227', 'P1224', 'P859', 'P1578', 'P855']"
R169,DC5104C(M),DC5104,DC5096,1731.641307,43.71201854,-1.189851948,42.5948508,"['TFAE', 'TFAG', 'TDBK', 'TDBH', 'TDBF', 'TDBE']","['P1233', 'P534', 'P538', 'P1328', 'P537', 'P536', 'P535', 'P500', 'P1226', 'P1223', 'P858', 'P1577', 'P854']"
R170,DC5105A(M),DC5105,DC5109,1535.332474,35.56918178,1.452178455,49.09535991,"['TFMB', 'TFAJ', 'TFAH', 'TDBH', 'TDBK', 'TDBL', 'TDBN']","['P860', 'P1225', 'P495', 'P496', 'P1228', 'P498', 'P497', 'P501', 'P502', 'P1229', 'P503', 'P500', 'P533', 'P529', 'P1232', 'P526', 'P862', 'P1582', 'P616']"
R222,DC5107A(M),DC5107,DC5109,769.5098962,47.0928064,1.631493536,16.37724701,"['TDEK', 'TDBL', 'TDBN']","['P1757', 'P528', 'P1231', 'P523', 'P524', 'P525', 'P527', 'P526', 'P862', 'P1582', 'P616']"
R171,DW5300A(C),DW5300,DC5061,3361.249003,17.88160002,0.087860623,187.9724969,,"['P808', 'P969', 'P1559', 'P973', 'P277', 'P977', 'P1552', 'P979', 'P817', 'P985', 'P989']"
R3,DW5300A(M),DW5300,DC5061,3361.249003,17.88160002,0.087860623,187.9724969,"['TPSG', 'TPSH', 'TPSJ', 'TPSL', 'TPSM', 'TPSU']","['P808', 'P969', 'P1559', 'P973', 'P277', 'P977', 'P1552', 'P979', 'P817', 'P985', 'P989']"
R5,DW5301A(M),DW5301,DW5315,8405.22338,26.50540396,0.071591403,328.9192453,"['TPSJ', 'TPSH', 'TYVB', 'TYVC', 'TYVD', 'TYVG']","['P979', 'P1552', 'P977', 'P277', 'P280', 'P1284', 'P279', 'P278', 'P974', 'P1560', 'P970', 'P809', 'P1655', 'P968', 'P269', 'P1708', 'P1707', 'P1701', 'P1690', 'P1685', 'P1467', 'P1456', 'P766']"
R6,DW5302A(M),DW5302,DW5315,8458.446693,26.45114017,0.061607502,331.8956743,"['TYVA', 'TYVB', 'TYVC', 'TYVD', 'TYVG']","['P980', 'P1553', 'P978', 'P276', 'P974', 'P1560', 'P970', 'P809', 'P1655', 'P968', 'P269', 'P1708', 'P1707', 'P1701', 'P1690', 'P1685', 'P1467', 'P1456', 'P766']"
R172,DW5304A(C),DW5304,DC5061,3308.673774,17.88160002,0.064590811,185.0323109,,"['P809', 'P970', 'P1560', 'P974', 'P278', 'P279', 'P1284', 'P280', 'P277', 'P977', 'P1552', 'P979', 'P817', 'P985', 'P989']"
R7,DW5304A(M),DW5304,DC5061,3308.673774,17.88160002,0.064590811,185.0323109,"['TYVC', 'TYVB', 'TPSH', 'TPSJ', 'TPSL', 'TPSM', 'TPSU']","['P809', 'P970', 'P1560', 'P974', 'P278', 'P279', 'P1284', 'P280', 'P277', 'P977', 'P1552', 'P979', 'P817', 'P985', 'P989']"
R173,DW5304B(C),DW5304,DC5062,3363.467087,17.88160002,0.087513234,188.0965397,"['TYVC', 'TYVB', 'TYVA', 'TYTW']","['P809', 'P970', 'P1560', 'P974', 'P276', 'P978', 'P1553', 'P980', 'P813', 'P986', 'P990']"
R9,DW5304B(M),DW5304,DC5062,3363.467087,17.88160002,0.087513234,188.0965397,"['TYVC', 'TYVB', 'TYVA', 'TYTW', 'TYTV', 'TYTS']","['P809', 'P970', 'P1560', 'P974', 'P276', 'P978', 'P1553', 'P980', 'P813', 'P986', 'P990']"
R174,DW5306A(C),DW5306,DC5063,3148.422044,15.60120939,0.093873241,225.9397836,"['TNGJ', 'TNGK', 'TNGM', 'TNGR']","['P810', 'P972', 'P1561', 'P1671', 'P975', 'P302', 'P1544', 'P981', 'P291', 'P293', 'P983', 'P814', 'P987', 'P993']"
R50,DW5306A(M),DW5306,DC5063,3148.422044,15.60120939,0.093873241,225.9397836,"['TNGJ', 'TNGK', 'TNGM', 'TNGR', 'TNGS', 'TNGU']","['P810', 'P972', 'P1561', 'P1671', 'P975', 'P302', 'P1544', 'P981', 'P291', 'P293', 'P983', 'P814', 'P987', 'P993']"
R175,DW5306B(C),DW5306,DC5064,3149.504131,15.59968901,0.093840988,226.0366059,,"['P810', 'P972', 'P1561', 'P1671', 'P975', 'P302', 'P1544', 'P981', 'P295', 'P1245', 'P1244', 'P1250', 'P294', 'P984', 'P815', 'P988', 'P994']"
R51,DW5306B(M),DW5306,DC5064,3149.504131,15.59968901,0.093840988,226.0366059,"['TNGJ', 'TNGK', 'TNGM', 'TRKA', 'TRJY', 'TRJW', 'TRJV']","['P810', 'P972', 'P1561', 'P1671', 'P975', 'P302', 'P1544', 'P981', 'P295', 'P1245', 'P1244', 'P1250', 'P294', 'P984', 'P815', 'P988', 'P994']"
R176,DW5308A(C),DW5308,DC5063,3118.193164,13.85513846,0.094875419,237.2051751,,"['P811', 'P963', 'P964', 'P1558', 'P300', 'P965', 'P304', 'P303', 'P1545', 'P982', 'P1246', 'P1249', 'P1248', 'P1247', 'P293', 'P983', 'P814', 'P987', 'P993']"
R52,DW5308A(M),DW5308,DC5063,3118.193164,13.85513846,0.094875419,237.2051751,"['TRKG', 'TRKE', 'TRKC', 'TRKA', 'TNGM', 'TNGR', 'TNGS', 'TNGU']","['P811', 'P963', 'P964', 'P1558', 'P300', 'P965', 'P304', 'P303', 'P1545', 'P982', 'P1246', 'P1249', 'P1248', 'P1247', 'P293', 'P983', 'P814', 'P987', 'P993']"
R177,DW5308B(C),DW5308,DC5064,3147.938,13.8298233,0.093978942,239.8666672,,"['P811', 'P963', 'P964', 'P1558', 'P300', 'P965', 'P304', 'P303', 'P1545', 'P982', 'P292', 'P294', 'P984', 'P815', 'P988', 'P994']"
R53,DW5308B(M),DW5308,DC5064,3147.938,13.8298233,0.093978942,239.8666672,"['TRKG', 'TRKE', 'TRKC', 'TRKA', 'TRJY', 'TRJW', 'TRJV']","['P811', 'P963', 'P964', 'P1558', 'P300', 'P965', 'P304', 'P303', 'P1545', 'P982', 'P292', 'P294', 'P984', 'P815', 'P988', 'P994']"
R223,DW5310A(C),DW5310,DC5063,2701.80725,12.15251125,0.244088019,228.5488545,,"['P812', 'P966', 'P298', 'P299', 'P1557', 'P301', 'P300', 'P965', 'P304', 'P303', 'P1545', 'P982', 'P1246', 'P1249', 'P1248', 'P1247', 'P293', 'P983', 'P814', 'P987', 'P993']"
R54,DW5310A(M),DW5310,DC5063,2701.80725,12.15251125,0.244088019,228.5488545,"['TRKE', 'TRKC', 'TRKA', 'TNGM', 'TNGR', 'TNGS', 'TNGU']","['P812', 'P966', 'P298', 'P299', 'P1557', 'P301', 'P300', 'P965', 'P304', 'P303', 'P1545', 'P982', 'P1246', 'P1249', 'P1248', 'P1247', 'P293', 'P983', 'P814', 'P987', 'P993']"
R224,DW5310B(C),DW5310,DC5064,2731.552086,12.14187767,0.241430059,231.2103466,,"['P812', 'P966', 'P298', 'P299', 'P1557', 'P301', 'P300', 'P965', 'P304', 'P303', 'P1545', 'P982', 'P292', 'P294', 'P984', 'P815', 'P988', 'P994']"
R55,DW5310B(M),DW5310,DC5064,2731.552086,12.14187767,0.241430059,231.2103466,"['TRKE', 'TRKC', 'TRKA', 'TRJY', 'TRJW', 'TRJV']","['P812', 'P966', 'P298', 'P299', 'P1557', 'P301', 'P300', 'P965', 'P304', 'P303', 'P1545', 'P982', 'P292', 'P294', 'P984', 'P815', 'P988', 'P994']"
R11,DW5311A(M),DW5311,DW5319,982.8264517,16.83619374,1.006434192,52.70254773,"['TRKM', 'TRKN', 'TYVN', 'TYVR']","['P1180', 'P117', 'P115', 'P1179', 'P105', 'P940', 'P104', 'P939', 'P103', 'P938', 'P1178', 'P102', 'P1260', 'P1261', 'P95', 'P1452', 'P762']"
R12,DW5311B(M),DW5311,DW5321,867.8907407,10.84652929,1.849094022,27.41933611,"['TRKM', 'TNGB', 'TYVK', 'TYVL', 'TPRZ', 'TPRW', 'TPRU']","['P1180', 'P117', 'P115', 'P944', 'P1277', 'P943', 'P116', 'P1173', 'P112', 'P942', 'P941', 'P113', 'P1169', 'P109', 'P937', 'P1275', 'P1274', 'P936', 'P110', 'P1166', 'P746', 'P80', 'P1165', 'P72', 'P96', 'P745', 'P1453', 'P1164', 'P744']"
R13,DW5313A(M),DW5313,DW5319,852.9432434,31.01263192,1.887755912,38.69104527,"['TNGC', 'TNGB', 'TYVK', 'TYVL', 'TYVM', 'TYVN', 'TYVR']","['P1176', 'P1174', 'P114', 'P1173', 'P112', 'P942', 'P941', 'P113', 'P1169', 'P109', 'P765', 'P1168', 'P126', 'P1167', 'P100', 'P99', 'P95', 'P1452', 'P762']"
R14,DW5313B(M),DW5313,DW5321,865.8849012,9.899786299,1.848051806,30.51884221,"['TNGC', 'TNGB', 'TYVK', 'TYVL', 'TPRZ', 'TPRW', 'TPRU']","['P1176', 'P1174', 'P114', 'P1173', 'P112', 'P942', 'P941', 'P113', 'P1169', 'P109', 'P937', 'P1275', 'P1274', 'P936', 'P110', 'P1166', 'P746', 'P80', 'P1165', 'P72', 'P96', 'P745', 'P1453', 'P1164', 'P744']"
R15,DW5315A(M),DW5315,DW5319,846.3605162,40.23360004,1.884557384,21.0361617,"['TYVJ', 'TYVK', 'TYVL', 'TYVM', 'TYVN', 'TYVR']","['P1175', 'P1172', 'P111', 'P1169', 'P109', 'P765', 'P1168', 'P126', 'P1167', 'P100', 'P99', 'P95', 'P1452', 'P762']"
R16,DW5315B(M),DW5315,DW5321,859.302174,18.82014454,1.844597295,12.86395864,"['TYVJ', 'TYVK', 'TYVL', 'TPRZ', 'TPRW', 'TPRU']","['P1175', 'P1172', 'P111', 'P1169', 'P109', 'P937', 'P1275', 'P1274', 'P936', 'P110', 'P1166', 'P746', 'P80', 'P1165', 'P72', 'P96', 'P745', 'P1453', 'P1164', 'P744']"
R115,DW5316A(S),DW5316,DW5309,552.3106331,36.85284116,-2.039578672,20.64863194,"['TPRZ', 'TPSB', 'TPSC']","['P746', 'P1166', 'P108', 'P1170', 'P1459', 'P125', 'P947', 'P948', 'P124']"
R17,DW5316B(M),DW5316,DW5300,7293.817057,28.78535906,-0.253026152,256.2957478,"['TPRZ', 'TPSB', 'TPSD', 'TPSF']","['P746', 'P1166', 'P108', 'P1170', 'P1459', 'P123', 'P1171', 'P1464', 'P1686', 'P1691', 'P1700', 'P1705', 'P1706', 'P263', 'P967']"
,DW5316B(M),,,,,,,"['TPRZ', 'TPSB', 'TPSD', 'TPSF']",
R18,DW5316C(M),DW5316,DW5304,7278.881817,25.34704908,-0.252218395,249.7877184,"['TPRZ', 'TYVL', 'TYVK', 'TYVJ', 'TYVG', 'TYVD']","['P746', 'P1166', 'P110', 'P936', 'P1274', 'P1275', 'P937', 'P109', 'P1169', 'P111', 'P1172', 'P1175', 'P766', 'P1456', 'P1467', 'P1685', 'P1690', 'P1701', 'P1707', 'P1708', 'P269', 'P968', 'P1655']"
,DW5316C(M),,,,,,,"['TPRZ', 'TYVL', 'TYVK', 'TYVJ', 'TYVG', 'TYVD']",
R19,DW5316D(M),DW5316,DW5306,7307.868474,25.3022471,-0.253344077,250.9309056,"['TPRZ', 'TYVL', 'TYVK', 'TNGB', 'TNGC', 'TNGD', 'TNGE', 'TNGF']","['P746', 'P1166', 'P110', 'P936', 'P1274', 'P1275', 'P937', 'P109', 'P1169', 'P113', 'P941', 'P942', 'P112', 'P1173', 'P114', 'P1174', 'P1176', 'P767', 'P1457', 'P1177', 'P1465', 'P1684', 'P1689', 'P1702', 'P1709', 'P1710', 'P281', 'P971']"
,DW5316D(M),,,,,,,"['TPRZ', 'TYVL', 'TYVK', 'TNGB', 'TNGC', 'TNGD', 'TNGE', 'TNGF']",
R20,DW5316E(M),DW5316,DW5308,7471.344937,25.56845317,-0.248509456,260.0432662,"['TPRZ', 'TYVL', 'TYVK', 'TNGB', 'TRKM', 'TRKL', 'TRKJ', 'TRKH']","['P746', 'P1166', 'P110', 'P936', 'P1274', 'P1275', 'P937', 'P109', 'P1169', 'P113', 'P941', 'P942', 'P112', 'P1173', 'P116', 'P943', 'P1277', 'P944', 'P115', 'P117', 'P1180', 'P768', 'P1458', 'P120', 'P1181', 'P1466', 'P1682', 'P1683', 'P1694', 'P1711', 'P1712', 'P287', 'P962']"
,DW5316E(M),,,,,,,"['TPRZ', 'TYVL', 'TYVK', 'TNGB', 'TRKM', 'TRKL', 'TRKJ', 'TRKH']",
R21,DW5318A(M),DW5318,DW5316,690.2673601,27.46003758,-0.207422853,49.83805437,"['TYSB', 'TVS', 'TPRM', 'TPRU', 'TPRW']","['P761', 'P1183', 'P64', 'P1184', 'P66', 'P65', 'P91', 'P926', 'P1258', 'P927', 'P90', 'P744', 'P1164', 'P1453', 'P745', 'P96', 'P72', 'P1165', 'P80']"
R22,DW5319A(M),DW5319,DW5323,441.6273086,12.45406966,-2.525227283,56.44965016,"['TVS', 'TYSB', 'TYSC']","['P1157', 'P763', 'P1263', 'P89', 'P65', 'P66', 'P1184', 'P64', 'P1183', 'P761', 'P63', 'P62', 'P923', 'P61', 'P760']"
R23,DW5319B(M),DW5319,DW5329,997.2046142,40.23360004,0,24.78536878,"['TVS', 'TYVU', 'TYVW', 'TRKS', 'TRKU']","['P1157', 'P763', 'P1263', 'P89', 'P65', 'P1156', 'P53', 'P925', 'P924', 'P54', 'P737', 'P736', 'P1155', 'P731']"
R24,DW5319C(M),DW5319,DW5331,992.5202409,40.23360004,0,24.66893939,"['TVS', 'TYVU', 'TYVW', 'TYWB']","['P1157', 'P763', 'P1263', 'P89', 'P65', 'P1156', 'P53', 'P1154', 'P735', 'P734', 'P730']"
R25,DW5320A(S),DW5320,DW5318,202.1815698,6.705600006,4.425,30.15115271,['TYSC'],"['P1182', 'P1747', 'P760', 'P61', 'P923', 'P62', 'P63']"
R26,DW5321A(M),DW5321,DW5323,441.757967,7.604065895,-2.626291125,64.40780342,"['TPRM', 'TVS', 'TYSB', 'TYSC']","['P90', 'P927', 'P1258', 'P926', 'P91', 'P65', 'P66', 'P1184', 'P64', 'P1183', 'P761', 'P63', 'P62', 'P923', 'P61', 'P760', 'P1747']"
R27,DW5321B(M),DW5321,DW5329,987.1712726,38.4047595,0,31.227774,"['TPRM', 'TVS', 'TYVU', 'TYVW', 'TRKS', 'TRKU']","['P90', 'P927', 'P1258', 'P926', 'P91', 'P65', 'P1156', 'P53', 'P925', 'P924', 'P54', 'P737', 'P736', 'P1155', 'P731']"
R28,DW5321C(M),DW5321,DW5331,982.4868993,38.39603982,0,31.11134462,"['TPRM', 'TVS', 'TYVU', 'TYVW', 'TYWB']","['P90', 'P927', 'P1258', 'P926', 'P91', 'P65', 'P1156', 'P53', 'P1154', 'P735', 'P734', 'P730']"
R29,DW5322A(M),DW5322,DW5316,684.7630644,34.16336959,-0.824592127,22.79731842,"['TNJC', 'TPRJ', 'TPRM', 'TPRU', 'TPRW']","['P739', 'P1163', 'P1162', 'P742', 'P59', 'P740', 'P741', 'P58', 'P90', 'P744', 'P1164', 'P1453', 'P745', 'P96', 'P72', 'P1165', 'P80']"
R30,DW5324A(M),DW5324,DW5316,812.1386098,40.23360004,-0.695263377,20.18558143,"['TPRJ', 'TPRM', 'TPRU', 'TPRW']","['P738', 'P1161', 'P743', 'P58', 'P90', 'P744', 'P1164', 'P1453', 'P745', 'P96', 'P72', 'P1165', 'P80']"
R31,DW5328A(M),DW5328,DW5322,735.0196694,22.69177375,0,36.19047276,"['TPRE', 'TPRG', 'TNJB']","['P758', 'P1151', 'P1158', 'P56', 'P732', 'P733', 'P57', 'P1160']"
R32,DW5328B(M),DW5328,DW5324,599.6447407,40.23360004,0,14.90407869,"['TPRE', 'TPRG', 'TPRH']","['P758', 'P1151', 'P1158', 'P55', 'P1159']"
R33,DW5329A(M),DW5329,DW5333,457.1340978,40.23360004,0.151171387,11.36199836,"['TRKV', 'TYWE']","['P1153', 'P728', 'P725', 'P52', 'P727', 'P726', 'P51', 'P1450', 'P724']"
R34,DW5331A(M),DW5331,DW5333,450.761,40.23360004,0.153308728,11.20359599,"['TYWC', 'TYWE']","['P1152', 'P50', 'P1450', 'P724']"
R88,DY544B(M),DY544,DY552,1015.031,35.76320003,2.086481977,28.38199599,,"['P869', 'P1331', 'P1589', 'P624', 'P1333', 'P636', 'P1592', 'P630', 'P1335', 'P1594', 'P1343']"
R259,DY551A(M),DY551,DY545,1064.685,35.76320003,-1.700847906,29.77040642,,"['P1344', 'P1342', 'P1595', 'P1341', 'P1591', 'P635', 'P1340', 'P1588', 'P868', 'P1238', 'P867']"
R262,DY556A(C),DY556,DY562,2329.823102,17.2613893,3.080389054,155.0196365,,"['P876', 'P1366', 'P1604', 'P1369', 'P653', 'P654', 'P655', 'P656', 'P1373', 'P1606', 'P1377']"
R260,DY556A(M),DY556,DY562,2329.823102,17.2613893,3.080389054,155.0196365,,"['P876', 'P1366', 'P1604', 'P1369', 'P653', 'P654', 'P655', 'P656', 'P1373', 'P1606', 'P1377']"
R261,DY556B(M),DY556,DY564,2323.817975,35.76320003,3.08061335,64.97790948,,"['P876', 'P1366', 'P1604', 'P1369', 'P652', 'P1368', 'P1374', 'P1607', 'P1378']"
R263,DY557A(M),DY557,DY555,15642.73373,29.13401693,-0.386624524,541.782653,,"['P1372', 'P1370', 'P672', 'P1605', 'P1603', 'P1367', 'P1365', 'P1363', 'P1601', 'P1361', 'P651', 'P1739', 'P1738', 'P1736', 'P1732', 'P873']"
R264,DY559A(M),DY559,DY555,15542.53301,28.54050659,-0.370156791,565.7529163,,"['P1371', 'P673', 'P676', 'P675', 'P674', 'P1605', 'P1603', 'P1367', 'P1365', 'P1363', 'P1601', 'P1361', 'P651', 'P1739', 'P1738', 'P1736', 'P1732', 'P873']"
R265,DY562A(M),DY562,DY572,1374.667469,9.669404621,2.715903915,156.1621383,,"['P879', 'P1383', 'P1666', 'P1385', 'P657', 'P658', 'P1610', 'P660', 'P659', 'P662', 'P678', 'P679', 'P680', 'P1388', 'P681', 'P682', 'P683', 'P684', 'P685', 'P686', 'P687', 'P688', 'P882', 'P689', 'P1616', 'P1648']"
R266,DY562B(M),DY562,DY574,1149.324346,32.68977238,1.730206426,51.84312868,,"['P879', 'P1383', 'P1666', 'P1385', 'P657', 'P658', 'P1610', 'P660', 'P659', 'P662', 'P677', 'P1389', 'P1615', 'P1391', 'P1665', 'P1618', 'P1392', 'P697', 'P1397']"
R267,DY564A(M),DY564,DY572,1314.455659,14.18378204,2.724642188,132.7471129,,"['P880', 'P1382', 'P1613', 'P659', 'P662', 'P678', 'P679', 'P680', 'P1388', 'P681', 'P682', 'P683', 'P684', 'P685', 'P686', 'P687', 'P688', 'P882', 'P689', 'P1616', 'P1648']"
R268,DY564B(M),DY562,DY574,1149.324346,32.68977238,1.730206426,51.84312868,,"['P879', 'P1383', 'P1666', 'P1385', 'P657', 'P658', 'P1610', 'P660', 'P659', 'P662', 'P677', 'P1389', 'P1615', 'P1391', 'P1665', 'P1618', 'P1392', 'P697', 'P1397']"
R269,DY569A(M),DY569,DY557,1800.49,35.76320003,-3.13628562,50.34476777,,"['P1387', 'P1611', 'P661', 'P1384', 'P670', 'P1381', 'P1379', 'P1608', 'P1375', 'P878']"
R271,DY569B(C),DY569,DY559,2045.426711,12.24881347,-3.128249599,207.6133521,"['T915', 'T909', 'T907', 'T903']","['P1387', 'P1611', 'P661', 'P1384', 'P670', 'P671', 'P669', 'P668', 'P667', 'P1380', 'P1609', 'P1376', 'P877']"
R270,DY569B(M),DY569,DY559,2045.426711,12.24881347,-3.128249599,207.6133521,"['T915', 'T909', 'T907', 'T903']","['P1387', 'P1611', 'P661', 'P1384', 'P670', 'P671', 'P669', 'P668', 'P667', 'P1380', 'P1609', 'P1376', 'P877']"
R272,DY571A(M),DY571,DY557,2435.70862,26.90824581,-2.97061907,155.8176393,"['T910', 'T941', 'T908', 'T909', 'T907', 'T905']","['P688', 'P687', 'P686', 'P685', 'P684', 'P683', 'P682', 'P681', 'P1388', 'P680', 'P679', 'P678', 'P662', 'P665', 'P1386', 'P664', 'P1612', 'P663', 'P1384', 'P670', 'P1381', 'P1379', 'P1608', 'P1375', 'P878']"
R274,DY571B(C),DY571,DY559,2680.64533,9.775038938,-2.979624636,313.0862237,"['T910', 'T941', 'T908', 'T909', 'T907', 'T903']","['P688', 'P687', 'P686', 'P685', 'P684', 'P683', 'P682', 'P681', 'P1388', 'P680', 'P679', 'P678', 'P662', 'P665', 'P1386', 'P664', 'P1612', 'P663', 'P1384', 'P670', 'P671', 'P669', 'P668', 'P667', 'P1380', 'P1609', 'P1376', 'P877']"
R273,DY571B(M),DY571,DY559,2680.64533,9.775038938,-2.979624636,313.0862237,"['T910', 'T941', 'T908', 'T909', 'T907', 'T903']","['P688', 'P687', 'P686', 'P685', 'P684', 'P683', 'P682', 'P681', 'P1388', 'P680', 'P679', 'P678', 'P662', 'P665', 'P1386', 'P664', 'P1612', 'P663', 'P1384', 'P670', 'P671', 'P669', 'P668', 'P667', 'P1380', 'P1609', 'P1376', 'P877']"
R275,DY581A(M),DY581,DY569,1034.303,43.14715259,-1.442619143,24.14388842,"['T927','T925','T921','T917','T915']","['P1402', 'P1620', 'P1400', 'P1398', 'P1394', 'P696', 'P1393', 'P1617', 'P1390', 'P1614', 'P881']"
R114,EC5474A(S),EC5474,EC5475,277.7038472,4.349554387,0.607895064,65.4791175,['TECG'],"['P1749', 'P1522', 'P209', 'P1033', 'P1663', 'P807']"
R225,EC5475A(C),EC5475,DC5063,3602.857204,10.54045443,-0.122235735,378.5949407,,"['P807', 'P1663', 'P1033', 'P211', 'P1523', 'P212', 'P1290', 'P1291', 'P213', 'P210', 'P1021', 'P187', 'P188', 'P1292', 'P1293', 'P190', 'P191', 'P192', 'P193', 'P1028', 'P246', 'P309', 'P1286', 'P310', 'P311', 'P303', 'P1545', 'P982', 'P1246', 'P1249', 'P1248', 'P1247', 'P293', 'P983', 'P814', 'P987', 'P993']"
R56,EC5475A(M),EC5475,DC5063,3602.857204,10.54045443,-0.122235735,378.5949407,"['TECG', 'TFMY', 'TFMW', 'TDPB', 'TDPE', 'TRKC', 'TRKA', 'TNGM', 'TNGR', 'TNGS', 'TNGU']","['P807', 'P1663', 'P1033', 'P211', 'P1523', 'P212', 'P1290', 'P1291', 'P213', 'P210', 'P1021', 'P187', 'P188', 'P1292', 'P1293', 'P190', 'P191', 'P192', 'P193', 'P1028', 'P246', 'P309', 'P1286', 'P310', 'P311', 'P303', 'P1545', 'P982', 'P1246', 'P1249', 'P1248', 'P1247', 'P293', 'P983', 'P814', 'P987', 'P993']"
R226,EC5475B(C),EC5475,DC5064,3632.60204,10.54565847,-0.121234833,381.2564329,,"['P807', 'P1663', 'P1033', 'P211', 'P1523', 'P212', 'P1290', 'P1291', 'P213', 'P210', 'P1021', 'P187', 'P188', 'P1292', 'P1293', 'P190', 'P191', 'P192', 'P193', 'P1028', 'P246', 'P309', 'P1286', 'P310', 'P311', 'P303', 'P1545', 'P982', 'P292', 'P294', 'P984', 'P815', 'P988', 'P994']"
R57,EC5475B(M),EC5475,DC5064,3632.60204,10.54565847,-0.121234833,381.2564329,"['TECG', 'TFMY', 'TFMW', 'TDPB', 'TDPE', 'TRKC', 'TRKA', 'TRJY', 'TRJW', 'TRJV']","['P807', 'P1663', 'P1033', 'P211', 'P1523', 'P212', 'P1290', 'P1291', 'P213', 'P210', 'P1021', 'P187', 'P188', 'P1292', 'P1293', 'P190', 'P191', 'P192', 'P193', 'P1028', 'P246', 'P309', 'P1286', 'P310', 'P311', 'P303', 'P1545', 'P982', 'P292', 'P294', 'P984', 'P815', 'P988', 'P994']"
R227,EC5475C(C),EC5475,DC5066,3687.417772,12.39317832,-0.262682607,340.1686915,,"['P807', 'P1663', 'P1033', 'P211', 'P1523', 'P212', 'P1290', 'P1291', 'P213', 'P210', 'P1021', 'P186', 'P1023', 'P194', 'P248', 'P320', 'P321', 'P322', 'P323', 'P1547', 'P1030', 'P818', 'P1059', 'P1058']"
R58,EC5475C(M),EC5475,DC5066,3687.417772,12.39317832,-0.262682607,340.1686915,"['TECG', 'TFMY', 'TFMW', 'TFMU', 'TFMR', 'TFMP', 'TFMN', 'TFML']","['P807', 'P1663', 'P1033', 'P211', 'P1523', 'P212', 'P1290', 'P1291', 'P213', 'P210', 'P1021', 'P186', 'P1023', 'P194', 'P248', 'P320', 'P321', 'P322', 'P323', 'P1547', 'P1030', 'P818', 'P1059', 'P1058']"
R59,EC5475D(S),EC5475,EC5477,1625.88464,4.449759368,-0.574814144,367.0585717,"['TECG', 'TECJ', 'TECK']","['P807', 'P1663', 'P1033', 'P209', 'P1522', 'P1749', 'P1034', 'P1031', 'P250', 'P356', 'P357', 'P358', 'P360', 'P1750']"
R60,EC5475E(M),EC5475,EC5487,3652.01911,5.167245052,-0.276461207,734.2768224,"['TECG', 'TECJ', 'TECK', 'TECL', 'TECM', 'TECR', 'TECS', 'TECV']","['P807', 'P1663', 'P1033', 'P209', 'P1522', 'P1749', 'P1034', 'P1031', 'P250', 'P356', 'P357', 'P358', 'P360', 'P1750', 'P359', 'P1035', 'P1554', 'P337', 'P338', 'P339', 'P340', 'P341', 'P342', 'P343', 'P1037', 'P401', 'P1043', 'P819', 'P1046']"
R61,EC5477A(S),EC5477,EC5487,2026.134469,5.742996056,-0.037045972,367.2182507,"['TECL', 'TECM', 'TECR', 'TECS', 'TECV']","['P359', 'P1035', 'P1554', 'P337', 'P338', 'P339', 'P340', 'P341', 'P342', 'P343', 'P1037', 'P401', 'P1043', 'P819', 'P1046']"
R228,EC5477A(SP),EC5477,EC5487,2026.134469,5.742996056,-0.037045972,367.2182507,"['TECL', 'TECM', 'TECR', 'TECS', 'TECV']","['P359', 'P1035', 'P1554', 'P337', 'P338', 'P339', 'P340', 'P341', 'P342', 'P343', 'P1037', 'P401', 'P1043', 'P819', 'P1046']"
R62,EC5480A(S),EC5480,EC5478,575.040945,4.432042816,0,130.8404045,"['TNJS', 'TNJR']","['P1042', 'P388', 'P387', 'P386', 'P1041', 'P385', 'P384', 'P394', 'P1751']"
R63,EC5481A(S),EC5481,EC5487,1831.56738,5.557420954,0,382.49033,"['TECM', 'TECR', 'TECS', 'TECV']","['P1752', 'P1294', 'P1754', 'P367', 'P368', 'P369', 'P342', 'P343', 'P1037', 'P401', 'P1043', 'P819', 'P1046']"
R229,EC5481A(SP),EC5481,EC5487,1831.56738,5.557420954,0,382.49033,"['TECM', 'TECR', 'TECS', 'TECV']","['P1752', 'P1294', 'P1754', 'P367', 'P368', 'P369', 'P342', 'P343', 'P1037', 'P401', 'P1043', 'P819', 'P1046']"
R64,EC5483A(S),EC5483,EC5487,1819.448413,6.589487932,0,282.9297768,"['TNJR', 'TECR', 'TECS', 'TECV']","['P1753', 'P1039', 'P1751', 'P395', 'P396', 'P397', 'P398', 'P1044', 'P399', 'P400', 'P402', 'P401', 'P1043', 'P819', 'P1046']"
R230,EC5483A(SP),EC5483,EC5487,1819.448413,6.589487932,0,282.9297768,"['TNJR', 'TECR', 'TECS', 'TECV']","['P1753', 'P1039', 'P1751', 'P395', 'P396', 'P397', 'P398', 'P1044', 'P399', 'P400', 'P402', 'P401', 'P1043', 'P819', 'P1046']"
R65,EC5483B(S),EC5483,EC5489,1785.613945,6.629221255,0,275.3862359,"['TNJR', 'TNJS', 'TGAW', 'TGAU']","['P1753', 'P1039', 'P1751', 'P394', 'P384', 'P385', 'P1041', 'P386', 'P387', 'P388', 'P1042', 'P389', 'P1045']"
R231,EC5483B(SP),EC5483,EC5489,1785.613945,6.629221255,0,275.3862359,"['TNJR', 'TNJS', 'TGAW', 'TGAU']","['P1753', 'P1039', 'P1751', 'P394', 'P384', 'P385', 'P1041', 'P386', 'P387', 'P388', 'P1042', 'P389', 'P1045']"
R66,EC5484A(S),EC5484,EC5478,649.7454131,4.451943778,0,147.215554,"['TECR', 'TNJR']","['P1043', 'P401', 'P402', 'P400', 'P399', 'P1044', 'P398', 'P397', 'P396', 'P395', 'P1751']"
,EC5484A(SP),,,,,,,"['TECR', 'TNJR']",
R67,EC5484B(S),EC5484,EC5476,662.3553796,3.666607239,0,202.1172092,"['TECR', 'TECM']","['P1043', 'P401', 'P1037', 'P343', 'P342', 'P369', 'P368', 'P367', 'P1754']"
,EC5484B(SP),,,,,,,"['TECR', 'TECM']",
R68,EC5484C(S),EC5484,EC5474,2225.252263,4.474923134,0.37785685,497.4389899,"['TECR', 'TECM', 'TECL', 'TECK', 'TECJ']","['P1043', 'P401', 'P1037', 'P343', 'P342', 'P341', 'P340', 'P339', 'P338', 'P337', 'P1554', 'P1035', 'P359', 'P1750', 'P360', 'P358', 'P357', 'P356', 'P250', 'P1031', 'P1034']"
R232,EC5484C(SP),EC5484,EC5474,2225.252263,4.474923134,0.37785685,497.4389899,"['TECR', 'TECM', 'TECL', 'TECK', 'TECJ']","['P1043', 'P401', 'P1037', 'P343', 'P342', 'P341', 'P340', 'P339', 'P338', 'P337', 'P1554', 'P1035', 'P359', 'P1750', 'P360', 'P358', 'P357', 'P356', 'P250', 'P1031', 'P1034']"
R69,EC5484D(M),EC5484,TD5044,3001.074474,12.32341907,0.466616615,450.4475377,"['TECR', 'TECM', 'TECL', 'TECK', 'TFMU', 'TFMW', 'TFMY', 'TFPB']","['P1043', 'P401', 'P1037', 'P343', 'P342', 'P341', 'P340', 'P339', 'P338', 'P337', 'P1554', 'P1035', 'P359', 'P1750', 'P336', 'P335', 'P1287', 'P1288', 'P334', 'P249', 'P198', 'P197', 'P196', 'P195', 'P1023', 'P186', 'P1021', 'P210', 'P1018', 'P1521', 'P1755', 'P1661', 'P200', 'P805']"
R70,EC5484E(M),EC5484,TD5046,3002.778045,9.290466951,0.466781926,468.7768274,"['TECR', 'TECM', 'TECL', 'TECK', 'TFMU', 'TFMW', 'TFMY', 'TFPB', 'TDMZ']","['P1043', 'P401', 'P1037', 'P343', 'P342', 'P341', 'P340', 'P339', 'P338', 'P337', 'P1554', 'P1035', 'P359', 'P1750', 'P336', 'P335', 'P1287', 'P1288', 'P334', 'P249', 'P198', 'P197', 'P196', 'P195', 'P1023', 'P186', 'P1021', 'P210', 'P1018', 'P1521', 'P1755', 'P1661', 'P200', 'P203', 'P1289', 'P202', 'P201', 'P1017', 'P806', 'P804']"
R233,EC5486A(C),EC5486,EC5480,3007.245314,8.9103529,0.02815956,359.99597,,"['P1055', 'P1063', 'P427', 'P426', 'P425', 'P1672', 'P355', 'P1052', 'P354', 'P353', 'P352', 'P1051', 'P1528', 'P351', 'P350', 'P349', 'P348', 'P951', 'P1049', 'P347', 'P346', 'P345', 'P413', 'P392', 'P393', 'P391', 'P390', 'P1048', 'P825', 'P1045', 'P389']"
R216,EC5486A(M),EC5486,EC5480,3007.245314,8.9103529,0.02815956,359.99597,"['TGAS', 'TEDC', 'TEDB', 'TEDA', 'TECW', 'TGAU', 'TGAW']","['P1055', 'P1063', 'P427', 'P426', 'P425', 'P1672', 'P355', 'P1052', 'P354', 'P353', 'P352', 'P1051', 'P1528', 'P351', 'P350', 'P349', 'P348', 'P951', 'P1049', 'P347', 'P346', 'P345', 'P413', 'P392', 'P393', 'P391', 'P390', 'P1048', 'P825', 'P1045', 'P389']"
R234,EC5486B(C),EC5486,EC5484,2914.310792,8.980660315,0.02905754,346.1367296,,"['P1055', 'P1063', 'P427', 'P426', 'P425', 'P1672', 'P355', 'P1052', 'P354', 'P353', 'P352', 'P1051', 'P1528', 'P351', 'P350', 'P349', 'P348', 'P951', 'P1049', 'P347', 'P346', 'P345', 'P413', 'P392', 'P344', 'P1047', 'P824', 'P1046', 'P819']"
R217,EC5486B(M),EC5486,EC5484,2914.310792,8.980660315,0.02905754,346.1367296,"['TGAS', 'TEDC', 'TEDB', 'TEDA', 'TECW', 'TECV', 'TECS']","['P1055', 'P1063', 'P427', 'P426', 'P425', 'P1672', 'P355', 'P1052', 'P354', 'P353', 'P352', 'P1051', 'P1528', 'P351', 'P350', 'P349', 'P348', 'P951', 'P1049', 'P347', 'P346', 'P345', 'P413', 'P392', 'P344', 'P1047', 'P824', 'P1046', 'P819']"
R235,EC5486C(C),EC5486,TD5056,3261.91803,12.60398734,0.030341632,261.6663491,"['TGAS', 'TEDC', 'TFDR', 'TFDU', 'TFDW', 'TFDY']","['P1055', 'P1063', 'P427', 'P426', 'P425', 'P1672', 'P355', 'P1300', 'P423', 'P422', 'P1542', 'P1530', 'P421', 'P332', 'P1050', 'P328', 'P327', 'P1662', 'P326', 'P418', 'P325', 'P324', 'P1057', 'P823', 'P1058', 'P1059', 'P818']"
R218,EC5486C(M),EC5486,TD5056,3261.91803,12.60398734,0.030341632,261.6663491,"['TGAS', 'TEDC', 'TFDR', 'TFDU', 'TFDW', 'TFDY', 'TFML', 'TFMN', 'TFMP']","['P1055', 'P1063', 'P427', 'P426', 'P425', 'P1672', 'P355', 'P1300', 'P423', 'P422', 'P1542', 'P1530', 'P421', 'P332', 'P1050', 'P328', 'P327', 'P1662', 'P326', 'P418', 'P325', 'P324', 'P1057', 'P823', 'P1058', 'P1059', 'P818']"
R236,EC5486D(C),EC5486,TD5055,3266.379221,13.49716071,0.030300192,248.7759215,"['TGAS', 'TEDC', 'TFDR', 'TFDU', 'TDCG', 'TDCB', 'TDCA']","['P1055', 'P1063', 'P427', 'P426', 'P425', 'P1672', 'P355', 'P1300', 'P423', 'P422', 'P1542', 'P1530', 'P421', 'P332', 'P333', 'P1299', 'P1298', 'P331', 'P330', 'P1001', 'P1658', 'P1657', 'P286', 'P319', 'P318', 'P317', 'P316', 'P1002', 'P820', 'P1061', 'P1060', 'P816']"
R219,EC5486D(M),EC5486,TD5055,3266.379221,13.49716071,0.030300192,248.7759215,"['TGAS', 'TEDC', 'TFDR', 'TFDU', 'TDCG', 'TDCB', 'TDCA', 'TDPK', 'TDPJ', 'TDPG']","['P1055', 'P1063', 'P427', 'P426', 'P425', 'P1672', 'P355', 'P1300', 'P423', 'P422', 'P1542', 'P1530', 'P421', 'P332', 'P333', 'P1299', 'P1298', 'P331', 'P330', 'P1001', 'P1658', 'P1657', 'P286', 'P319', 'P318', 'P317', 'P316', 'P1002', 'P820', 'P1061', 'P1060', 'P816']"
R237,EC5486E(C),EC5486,TD5054,3133.486194,12.01322728,0.031585241,269.9663426,"['TGAS', 'TEDC', 'TFDR', 'TFDU', 'TDCG', 'TDCB', 'TRJS']","['P1055', 'P1063', 'P427', 'P426', 'P425', 'P1672', 'P355', 'P1300', 'P423', 'P422', 'P1542', 'P1530', 'P421', 'P332', 'P333', 'P1299', 'P1298', 'P331', 'P330', 'P1001', 'P1658', 'P1657', 'P286', 'P285', 'P289', 'P290', 'P288', 'P998', 'P996', 'P822', 'P994', 'P988', 'P815']"
R220,EC5486E(M),EC5486,TD5054,3133.486194,12.01322728,0.031585241,269.9663426,"['TGAS', 'TEDC', 'TFDR', 'TFDU', 'TDCG', 'TDCB', 'TRJS', 'TRJV', 'TRJW', 'TRJY']","['P1055', 'P1063', 'P427', 'P426', 'P425', 'P1672', 'P355', 'P1300', 'P423', 'P422', 'P1542', 'P1530', 'P421', 'P332', 'P333', 'P1299', 'P1298', 'P331', 'P330', 'P1001', 'P1658', 'P1657', 'P286', 'P285', 'P289', 'P290', 'P288', 'P998', 'P996', 'P822', 'P994', 'P988', 'P815']"
R238,EC5486F(C),EC5486,TD5053,3156.010722,12.00725197,0.031359817,271.98178,"['TGAS', 'TEDC', 'TFDR', 'TFDU', 'TDCG', 'TDCB', 'TNGW']","['P1055', 'P1063', 'P427', 'P426', 'P425', 'P1672', 'P355', 'P1300', 'P423', 'P422', 'P1542', 'P1530', 'P421', 'P332', 'P333', 'P1299', 'P1298', 'P331', 'P330', 'P1001', 'P1658', 'P1657', 'P286', 'P285', 'P289', 'P284', 'P283', 'P282', 'P997', 'P995', 'P821', 'P993', 'P987', 'P814']"
R221,EC5486F(M),EC5486,TD5053,3156.010722,12.00725197,0.031359817,271.98178,"['TGAS', 'TEDC', 'TFDR', 'TFDU', 'TDCG', 'TDCB', 'TNGW', 'TNGU', 'TNGS', 'TNGR']","['P1055', 'P1063', 'P427', 'P426', 'P425', 'P1672', 'P355', 'P1300', 'P423', 'P422', 'P1542', 'P1530', 'P421', 'P332', 'P333', 'P1299', 'P1298', 'P331', 'P330', 'P1001', 'P1658', 'P1657', 'P286', 'P285', 'P289', 'P284', 'P283', 'P282', 'P997', 'P995', 'P821', 'P993', 'P987', 'P814']"
R71,EC5487A(M),EC5487,DC5081,2379.408743,15.92636782,1.119172312,206.7483043,"['TECW', 'TFDY', 'TFDW', 'TFDU', 'TFDR']","['P824', 'P1047', 'P344', 'P392', 'P414', 'P415', 'P416', 'P1296', 'P1297', 'P417', 'P419', 'P418', 'P326', 'P1662', 'P327', 'P328', 'P1050', 'P332', 'P420', 'P1529', 'P1534', 'P1006', 'P837']"
R240,EC5487B(C),EC5487,EC5491,2139.790648,9.430348049,-0.171317926,257.8135701,,"['P824', 'P1047', 'P344', 'P392', 'P413', 'P345', 'P346', 'P347', 'P1049', 'P951', 'P348', 'P349', 'P350', 'P351', 'P1528', 'P1051', 'P352', 'P353', 'P354', 'P1052', 'P355', 'P1053', 'P1062', 'P1056', 'P828', 'P1536', 'P1064', 'P1538', 'P1541']"
R72,EC5487B(M),EC5487,EC5491,2139.790648,9.430348049,-0.171317926,257.8135701,"['TECW', 'TEDA', 'TEDB', 'TEDC', 'TEDG', 'TEDH', 'TEDJ']","['P824', 'P1047', 'P344', 'P392', 'P413', 'P345', 'P346', 'P347', 'P1049', 'P951', 'P348', 'P349', 'P350', 'P351', 'P1528', 'P1051', 'P352', 'P353', 'P354', 'P1052', 'P355', 'P1053', 'P1062', 'P1056', 'P828', 'P1536', 'P1064', 'P1538', 'P1541']"
R239,EC5487C(C),EC5487,EC5493,2257.882203,9.154397542,-0.161264454,284.9771939,,"['P824', 'P1047', 'P344', 'P392', 'P413', 'P345', 'P346', 'P347', 'P1049', 'P951', 'P348', 'P349', 'P350', 'P351', 'P1528', 'P1051', 'P352', 'P353', 'P354', 'P1052', 'P355', 'P1672', 'P425', 'P426', 'P427', 'P1063', 'P1055', 'P829', 'P1537', 'P1539', 'P1054', 'P1540', 'P428', 'P429', 'P430', 'P431']"
R214,EC5487C(M),EC5487,EC5493,2257.882203,9.154397542,-0.161264454,284.9771939,"['TECW', 'TEDA', 'TEDB', 'TEDC', 'TGAS', 'TGAR', 'TGAM']","['P824', 'P1047', 'P344', 'P392', 'P413', 'P345', 'P346', 'P347', 'P1049', 'P951', 'P348', 'P349', 'P350', 'P351', 'P1528', 'P1051', 'P352', 'P353', 'P354', 'P1052', 'P355', 'P1672', 'P425', 'P426', 'P427', 'P1063', 'P1055', 'P829', 'P1537', 'P1539', 'P1054', 'P1540', 'P428', 'P429', 'P430', 'P431']"
R243,EC5488A(C),EC5488,EC5480,3012.813163,8.914539944,0.028799028,360.4941669,,"['P1056', 'P1062', 'P1053', 'P355', 'P1052', 'P354', 'P353', 'P352', 'P1051', 'P1528', 'P351', 'P350', 'P349', 'P348', 'P951', 'P1049', 'P347', 'P346', 'P345', 'P413', 'P392', 'P393', 'P391', 'P390', 'P1048', 'P825', 'P1045', 'P389']"
R178,EC5488A(M),EC5488,EC5480,3012.813163,8.914539944,0.028799028,360.4941669,"['TEDG', 'TEDC', 'TEDB', 'TEDA', 'TECW', 'TGAU', 'TGAW']","['P1056', 'P1062', 'P1053', 'P355', 'P1052', 'P354', 'P353', 'P352', 'P1051', 'P1528', 'P351', 'P350', 'P349', 'P348', 'P951', 'P1049', 'P347', 'P346', 'P345', 'P413', 'P392', 'P393', 'P391', 'P390', 'P1048', 'P825', 'P1045', 'P389']"
R244,EC5488B(C),EC5488,EC5484,2919.87864,8.984846557,0.02971565,346.6349265,,"['P1056', 'P1062', 'P1053', 'P355', 'P1052', 'P354', 'P353', 'P352', 'P1051', 'P1528', 'P351', 'P350', 'P349', 'P348', 'P951', 'P1049', 'P347', 'P346', 'P345', 'P413', 'P392', 'P344', 'P1047', 'P824', 'P1046', 'P819']"
R179,EC5488B(M),EC5488,EC5484,2919.87864,8.984846557,0.02971565,346.6349265,"['TEDG', 'TEDC', 'TEDB', 'TEDA', 'TECW', 'TECV', 'TECS']","['P1056', 'P1062', 'P1053', 'P355', 'P1052', 'P354', 'P353', 'P352', 'P1051', 'P1528', 'P351', 'P350', 'P349', 'P348', 'P951', 'P1049', 'P347', 'P346', 'P345', 'P413', 'P392', 'P344', 'P1047', 'P824', 'P1046', 'P819']"
R245,EC5488C(C),EC5488,TD5056,3267.485879,12.60155402,0.030927542,262.1645459,,"['P1056', 'P1062', 'P1053', 'P355', 'P1300', 'P423', 'P422', 'P1542', 'P1530', 'P421', 'P332', 'P1050', 'P328', 'P327', 'P1662', 'P326', 'P418', 'P325', 'P324', 'P1057', 'P823', 'P1058', 'P1059', 'P818']"
R180,EC5488C(M),EC5488,TD5056,3267.485879,12.60155402,0.030927542,262.1645459,"['TEDG', 'TEDC', 'TFDR', 'TFDU', 'TFDW', 'TFDY', 'TFML', 'TFMN', 'TFMP']","['P1056', 'P1062', 'P1053', 'P355', 'P1300', 'P423', 'P422', 'P1542', 'P1530', 'P421', 'P332', 'P1050', 'P328', 'P327', 'P1662', 'P326', 'P418', 'P325', 'P324', 'P1057', 'P823', 'P1058', 'P1059', 'P818']"
R246,EC5488D(C),EC5488,TD5055,3271.94707,13.4932108,0.030885373,249.2741184,,"['P1056', 'P1062', 'P1053', 'P355', 'P1300', 'P423', 'P422', 'P1542', 'P1530', 'P421', 'P332', 'P333', 'P1299', 'P1298', 'P331', 'P330', 'P1001', 'P1658', 'P1657', 'P286', 'P319', 'P318', 'P317', 'P316', 'P1002', 'P820', 'P1061', 'P1060', 'P816']"
R181,EC5488D(M),EC5488,TD5055,3271.94707,13.4932108,0.030885373,249.2741184,"['TEDG', 'TEDC', 'TFDR', 'TFDU', 'TDCG', 'TDCB', 'TDCA', 'TDPK', 'TDPJ', 'TDPG']","['P1056', 'P1062', 'P1053', 'P355', 'P1300', 'P423', 'P422', 'P1542', 'P1530', 'P421', 'P332', 'P333', 'P1299', 'P1298', 'P331', 'P330', 'P1001', 'P1658', 'P1657', 'P286', 'P319', 'P318', 'P317', 'P316', 'P1002', 'P820', 'P1061', 'P1060', 'P816']"
R247,EC5488E(C),EC5488,TD5054,3139.054042,12.01174226,0.032192917,270.4645395,,"['P1056', 'P1062', 'P1053', 'P355', 'P1300', 'P423', 'P422', 'P1542', 'P1530', 'P421', 'P332', 'P333', 'P1299', 'P1298', 'P331', 'P330', 'P1001', 'P1658', 'P1657', 'P286', 'P285', 'P289', 'P290', 'P288', 'P998', 'P996', 'P822', 'P994', 'P988', 'P815']"
R182,EC5488E(M),EC5488,TD5054,3139.054042,12.01174226,0.032192917,270.4645395,"['TEDG', 'TEDC', 'TFDR', 'TFDU', 'TDCG', 'TDCB', 'TRJS', 'TRJV', 'TRJW', 'TRJY']","['P1056', 'P1062', 'P1053', 'P355', 'P1300', 'P423', 'P422', 'P1542', 'P1530', 'P421', 'P332', 'P333', 'P1299', 'P1298', 'P331', 'P330', 'P1001', 'P1658', 'P1657', 'P286', 'P285', 'P289', 'P290', 'P288', 'P998', 'P996', 'P822', 'P994', 'P988', 'P815']"
R248,EC5488F(C),EC5488,TD5053,3161.57857,12.00578806,0.03196356,272.4799769,,"['P1056', 'P1062', 'P1053', 'P355', 'P1300', 'P423', 'P422', 'P1542', 'P1530', 'P421', 'P332', 'P333', 'P1299', 'P1298', 'P331', 'P330', 'P1001', 'P1658', 'P1657', 'P286', 'P285', 'P289', 'P284', 'P283', 'P282', 'P997', 'P995', 'P821', 'P993', 'P987', 'P814']"
R183,EC5488F(M),EC5488,TD5053,3161.57857,12.00578806,0.03196356,272.4799769,"['TEDG', 'TEDC', 'TFDR', 'TFDU', 'TDCG', 'TDCB', 'TNGW', 'TNGU', 'TNGS', 'TNGR']","['P1056', 'P1062', 'P1053', 'P355', 'P1300', 'P423', 'P422', 'P1542', 'P1530', 'P421', 'P332', 'P333', 'P1299', 'P1298', 'P331', 'P330', 'P1001', 'P1658', 'P1657', 'P286', 'P285', 'P289', 'P284', 'P283', 'P282', 'P997', 'P995', 'P821', 'P993', 'P987', 'P814']"
R74,EC5489A(M),EC5489,DC5081,2431.473266,15.72892584,1.095207758,214.512639,"['TECW', 'TFDY', 'TFDW', 'TFDU', 'TFDR']","['P825', 'P1048', 'P390', 'P391', 'P393', 'P392', 'P414', 'P415', 'P416', 'P1296', 'P1297', 'P417', 'P419', 'P418', 'P326', 'P1662', 'P327', 'P328', 'P1050', 'P332', 'P420', 'P1529', 'P1534', 'P1006', 'P837']"
R241,EC5489B(C),EC5489,EC5491,2191.855171,9.365625385,-0.167248503,265.5779048,,"['P825', 'P1048', 'P390', 'P391', 'P393', 'P392', 'P413', 'P345', 'P346', 'P347', 'P1049', 'P951', 'P348', 'P349', 'P350', 'P351', 'P1528', 'P1051', 'P352', 'P353', 'P354', 'P1052', 'P355', 'P1053', 'P1062', 'P1056', 'P828', 'P1536', 'P1064', 'P1538', 'P1541']"
R75,EC5489B(M),EC5489,EC5491,2191.855171,9.365625385,-0.167248503,265.5779048,"['TECW', 'TEDA', 'TEDB', 'TEDC', 'TEDG', 'TEDH', 'TEDJ']","['P825', 'P1048', 'P390', 'P391', 'P393', 'P392', 'P413', 'P345', 'P346', 'P347', 'P1049', 'P951', 'P348', 'P349', 'P350', 'P351', 'P1528', 'P1051', 'P352', 'P353', 'P354', 'P1052', 'P355', 'P1053', 'P1062', 'P1056', 'P828', 'P1536', 'P1064', 'P1538', 'P1541']"
R242,EC5489C(C),EC5489,EC5493,2309.946726,9.099203423,-0.157629671,292.7415286,,"['P825', 'P1048', 'P390', 'P391', 'P393', 'P392', 'P413', 'P345', 'P346', 'P347', 'P1049', 'P951', 'P348', 'P349', 'P350', 'P351', 'P1528', 'P1051', 'P352', 'P353', 'P354', 'P1052', 'P355', 'P1672', 'P425', 'P426', 'P427', 'P1063', 'P1055', 'P829', 'P1537', 'P1539', 'P1054', 'P1540', 'P428', 'P429', 'P430', 'P431']"
R215,EC5489C(M),EC5489,EC5493,2309.946726,9.099203423,-0.157629671,292.7415286,"['TECW', 'TEDA', 'TEDB', 'TEDC', 'TGAS', 'TGAR', 'TGAM']","['P825', 'P1048', 'P390', 'P391', 'P393', 'P392', 'P413', 'P345', 'P346', 'P347', 'P1049', 'P951', 'P348', 'P349', 'P350', 'P351', 'P1528', 'P1051', 'P352', 'P353', 'P354', 'P1052', 'P355', 'P1672', 'P425', 'P426', 'P427', 'P1063', 'P1055', 'P829', 'P1537', 'P1539', 'P1054', 'P1540', 'P428', 'P429', 'P430', 'P431']"
R184,EC5490A(S),EC5490,EC5488,495.9069092,4.470400004,0.564255912,110.9312162,"['TEDM', 'TEDK', 'TEDJ', 'TEDH']","['P435', 'P1065', 'P1748', 'P1541', 'P1538', 'P1064', 'P1536', 'P828']"
R185,EC5491A(S),EC5491,EC5495,189.270901,4.470400004,0,42.3386947,"['TEDK', 'TEDM', 'TEDN']","['P1748', 'P1065', 'P435', 'P1067']"
R186,EC5491B(S),EC5491,EC5501,505.7947922,4.470400004,0,113.1430726,"['TEDK', 'TEDM', 'TGAK', 'TGAJ']","['P1748', 'P1065', 'P436', 'P437', 'P438', 'P1068', 'P439', 'P440', 'P442', 'P441', 'P466', 'P457', 'P453', 'P454', 'P455']"
R187,EC5491C(S),EC5491,EC5502,503.2939235,4.470400004,0,112.5836442,"['TEDK', 'TEDM', 'TGAK', 'TGAJ']","['P1748', 'P1065', 'P436', 'P437', 'P438', 'P1068', 'P439', 'P440', 'P442', 'P441', 'P466', 'P457', 'P452']"
R188,EC5491D(S),EC5491,EC5503,484.1438666,4.470400004,0,108.2998985,"['TEDK', 'TEDM', 'TGAK', 'TGAJ']","['P1748', 'P1065', 'P436', 'P437', 'P438', 'P1068', 'P439', 'P440', 'P442', 'P441', 'P466', 'P458', 'P459', 'P460']"
R189,EC5491E(S),EC5491,EC5504,510.3703384,4.470400004,0,114.1665931,"['TEDK', 'TEDM', 'TGAK', 'TGAJ']","['P1748', 'P1065', 'P436', 'P437', 'P438', 'P1068', 'P439', 'P440', 'P442', 'P441', 'P466', 'P458', 'P462', 'P463', 'P464']"
R190,EC5491F(S),EC5491,EC5497,447.2930872,4.470400004,0,100.0566139,"['TEDK', 'TEDM', 'TGAK', 'TGAJ']","['P1748', 'P1065', 'P436', 'P437', 'P438', 'P1068', 'P439', 'P440', 'P442', 'P441', 'P467', 'P468', 'P469', 'P1759']"
R191,EC5493A(S),EC5493,EC5501,299.5278588,4.470400004,0,67.00247371,"['TGAL', 'TGAK', 'TGAJ']","['P432', 'P1066', 'P433', 'P434', 'P441', 'P466', 'P457', 'P453', 'P454', 'P455']"
R192,EC5493B(S),EC5493,EC5502,297.02699,4.470400004,0,66.4430453,"['TGAL', 'TGAK', 'TGAJ']","['P432', 'P1066', 'P433', 'P434', 'P441', 'P466', 'P457', 'P452']"
R194,EC5493C(S),EC5493,EC5503,277.8769331,4.470400004,0,62.15929959,"['TGAL', 'TGAK', 'TGAJ']","['P432', 'P1066', 'P433', 'P434', 'P441', 'P466', 'P458', 'P459', 'P460']"
R193,EC5493D(S),EC5493,EC5504,304.1034049,4.470400004,0,68.02599423,"['TGAL', 'TGAK', 'TGAJ']","['P432', 'P1066', 'P433', 'P434', 'P441', 'P466', 'P458', 'P462', 'P463', 'P464']"
R195,EC5493E(S),EC5493,EC5497,241.0261537,4.470400004,0,53.916015,"['TGAL', 'TGAK', 'TGAJ']","['P432', 'P1066', 'P433', 'P434', 'P441', 'P467', 'P468', 'P469', 'P1759']"
R196,EC5496A(S),EC5496,EC5486,708.0701162,4.470400004,0.394640914,158.3907739,"['TGAJ', 'TGAK', 'TGAL', 'TGAM', 'TGAR']","['P469', 'P468', 'P467', 'P441', 'P434', 'P433', 'P1066', 'P432', 'P431', 'P430', 'P429', 'P428', 'P1540', 'P1054', 'P1539', 'P1537', 'P829']"
R197,EC5496B(S),EC5496,EC5488,790.6776468,4.470400004,0.353896947,176.8695522,"['TGAJ', 'TGAK', 'TEDM', 'TEDK', 'TEDJ', 'TEDH']","['P469', 'P468', 'P467', 'P441', 'P442', 'P440', 'P439', 'P1068', 'P438', 'P437', 'P436', 'P1065', 'P1748', 'P1541', 'P1538', 'P1064', 'P1536', 'P828']"
R198,EC5501A(S),EC5501,EC5486,792.1622699,4.470400004,0.352747724,177.2016529,"['TGAJ', 'TGAK', 'TGAL', 'TGAM', 'TGAR']","['P455', 'P454', 'P453', 'P457', 'P466', 'P441', 'P434', 'P433', 'P1066', 'P432', 'P431', 'P430', 'P429', 'P428', 'P1540', 'P1054', 'P1539', 'P1537', 'P829']"
R199,EC5501B(S),EC5501,EC5488,874.7698005,4.470400004,0.319876618,195.6804312,"['TGAJ', 'TGAK', 'TEDM', 'TEDK', 'TEDJ', 'TEDH']","['P455', 'P454', 'P453', 'P457', 'P466', 'P441', 'P442', 'P440', 'P439', 'P1068', 'P438', 'P437', 'P436', 'P1065', 'P1748', 'P1541', 'P1538', 'P1064', 'P1536', 'P828']"
R200,EC5502A(S),EC5502,EC5486,789.6614011,4.470400004,0.353864881,176.6422245,"['TGAJ', 'TGAK', 'TGAL', 'TGAM', 'TGAR']","['P452', 'P457', 'P466', 'P441', 'P434', 'P433', 'P1066', 'P432', 'P431', 'P430', 'P429', 'P428', 'P1540', 'P1054', 'P1539', 'P1537', 'P829']"
R201,EC5502B(S),EC5502,EC5488,872.2689317,4.470400004,0.320793731,195.1210028,"['TGAJ', 'TGAK', 'TEDM', 'TEDK', 'TEDJ', 'TEDH']","['P452', 'P457', 'P466', 'P441', 'P442', 'P440', 'P439', 'P1068', 'P438', 'P437', 'P436', 'P1065', 'P1748', 'P1541', 'P1538', 'P1064', 'P1536', 'P828']"
R202,EC5503A(S),EC5503,EC5486,770.5113443,4.470400004,0.362659732,172.3584788,"['TGAJ', 'TGAK', 'TGAL', 'TGAM', 'TGAR']","['P460', 'P459', 'P458', 'P466', 'P441', 'P434', 'P433', 'P1066', 'P432', 'P431', 'P430', 'P429', 'P428', 'P1540', 'P1054', 'P1539', 'P1537', 'P829']"
R203,EC5503B(S),EC5504,EC5488,879.3453466,4.470400004,0.318212186,196.7039517,"['TGAJ', 'TGAK', 'TEDM', 'TEDK', 'TEDJ', 'TEDH']","['P464', 'P463', 'P462', 'P458', 'P466', 'P441', 'P442', 'P440', 'P439', 'P1068', 'P438', 'P437', 'P436', 'P1065', 'P1748', 'P1541', 'P1538', 'P1064', 'P1536', 'P828']"
R204,EC5504A(S),EC5504,EC5486,796.737816,4.470400004,0.350721947,178.2251734,"['TGAJ', 'TGAK', 'TGAL', 'TGAM', 'TGAR']","['P464', 'P463', 'P462', 'P458', 'P466', 'P441', 'P434', 'P433', 'P1066', 'P432', 'P431', 'P430', 'P429', 'P428', 'P1540', 'P1054', 'P1539', 'P1537', 'P829']"
R205,EC5504B(S),EC5504,EC5488,879.3453466,4.470400004,0.318212186,196.7039517,"['TGAJ', 'TGAK', 'TEDM', 'TEDK', 'TEDJ', 'TEDH']","['P464', 'P463', 'P462', 'P458', 'P466', 'P441', 'P442', 'P440', 'P439', 'P1068', 'P438', 'P437', 'P436', 'P1065', 'P1748', 'P1541', 'P1538', 'P1064', 'P1536', 'P828']"
R77,TD5029A(M),TD5029,TD5033,1540.584931,38.87980376,3.186140445,39.74404394,"['TDME', 'TDMF', 'TDMH']","['P784', 'P1143', 'P1144', 'P1652', 'P1677', 'P140', 'P1145', 'P1496', 'P1500', 'P794', 'P1501', 'P1504', 'P1507']"
R78,TD5032A(M),TD5032,TD5030,872.4800004,33.52800003,-4.09339016,26.022429,"['TFPS', 'TFPV']","['P1146', 'P1494', 'P143', 'P1142', 'P1491', 'P1489', 'P781', 'P780']"
R79,TD5037A(M),TD5037,TD5045,1751.398,25.92436777,-0.646612799,70.0066511,"['TDMP', 'TDMS', 'TDMU', 'TDMV', 'TDMW']","['P802', 'P1009', 'P1516', 'P1011', 'P1517', 'P1013', 'P1660', 'P171', 'P1014', 'P168', 'P1016', 'P804']"
R80,TD5039A(M),TD5039,TD5045,903.1690224,23.21187153,-0.758,39.37034781,"['TFPE', 'TDMU', 'TDMV', 'TDMW']","['P803', 'P1012', 'P172', 'P171', 'P1014', 'P168', 'P1016', 'P804']"
R81,TD5040A(M),TD5040,TD5038,1105.883828,33.52800003,-0.930900358,32.9838889,"['TFPH', 'TFPJ']","['P1010', 'P1008', 'P1514', 'P1511', 'P799']"
,TD5040D(M),,,,,,,"['TDMZ', 'TFPB', 'TFMY', 'TFMW', 'TFMU', 'TFMR', 'TFMP', 'TFMN', 'TFML']",
R82,TD5043A(S),TD5043,TD5045,408.235,14.52743941,-0.758,39.57551893,"['TINT', 'TDMV', 'TDMW']","['P1756', 'P1025', 'P169', 'P168', 'P1016', 'P804']"
R83,TD5044A(M),TD5044,TD5040,1600.29484,33.52800003,0.638868416,47.73010137,"['TFPE', 'TFPG']","['P1015', 'P170', 'P1012', 'P803', 'P1518', 'P1515', 'P801']"
R249,TD5045A(C),TD5045,DC5063,4012.693196,12.76794812,-0.12753116,332.7151321,,"['P806', 'P1017', 'P199', 'P1019', 'P1525', 'P174', 'P175', 'P176', 'P177', 'P1027', 'P178', 'P179', 'P180', 'P181', 'P958', 'P245', 'P305', 'P306', 'P307', 'P1285', 'P308', 'P302', 'P1544', 'P981', 'P291', 'P293', 'P983', 'P814', 'P987', 'P993']"
R84,TD5045A(M),TD5045,DC5063,4012.693196,12.76794812,-0.12753116,332.7151321,"['TDMZ', 'TDPA', 'TDPC', 'TRKC', 'TNGK', 'TNGM', 'TNGR', 'TNGS', 'TNGU']","['P806', 'P1017', 'P199', 'P1019', 'P1525', 'P174', 'P175', 'P176', 'P177', 'P1027', 'P178', 'P179', 'P180', 'P181', 'P958', 'P245', 'P305', 'P306', 'P307', 'P1285', 'P308', 'P302', 'P1544', 'P981', 'P291', 'P293', 'P983', 'P814', 'P987', 'P993']"
R250,TD5045B-1(C),TD5045,DC5064,4013.775283,12.76751894,-0.127496779,332.8119545,,"['P806', 'P1017', 'P199', 'P1019', 'P1525', 'P174', 'P175', 'P176', 'P177', 'P1027', 'P178', 'P179', 'P180', 'P181', 'P958', 'P245', 'P305', 'P306', 'P307', 'P1285', 'P308', 'P302', 'P1544', 'P981', 'P295', 'P1245', 'P1244', 'P1250', 'P294', 'P984', 'P815', 'P988', 'P994']"
R85,TD5045B-1(M),TD5045,DC5064,4013.775283,12.76751894,-0.127496779,332.8119545,"['TDMZ', 'TDPA', 'TDPC', 'TRKC', 'TNGK', 'TNGM', 'TRKA', 'TRJY', 'TRJW', 'TRJV']","['P806', 'P1017', 'P199', 'P1019', 'P1525', 'P174', 'P175', 'P176', 'P177', 'P1027', 'P178', 'P179', 'P180', 'P181', 'P958', 'P245', 'P305', 'P306', 'P307', 'P1285', 'P308', 'P302', 'P1544', 'P981', 'P295', 'P1245', 'P1244', 'P1250', 'P294', 'P984', 'P815', 'P988', 'P994']"
R252,TD5045B-2(C),TD5045,DC5064,4013.775283,12.76751894,-0.127496779,332.8119545,,"['P806', 'P1017', 'P199', 'P1019', 'P1525', 'P174', 'P175', 'P176', 'P177', 'P1027', 'P178', 'P179', 'P180', 'P181', 'P958', 'P245', 'P305', 'P306', 'P307', 'P1285', 'P308', 'P302', 'P1544', 'P981', 'P295', 'P1245', 'P1244', 'P1250', 'P294', 'P984', 'P815', 'P988', 'P994']"
R86,TD5045B-2(M),TD5045,DC5064,4050.227816,12.12841128,-0.186900176,343.4635276,"['TDMZ', 'TFPB', 'TFMY', 'TFMW', 'TDPB', 'TDPE', 'TRKC', 'TRKA', 'TRJY', 'TRJW', 'TRJV']","['P806', 'P1017', 'P201', 'P202', 'P1289', 'P203', 'P200', 'P1661', 'P1755', 'P1521', 'P1018', 'P210', 'P1021', 'P187', 'P188', 'P1292', 'P1293', 'P190', 'P191', 'P192', 'P193', 'P1028', 'P246', 'P309', 'P1286', 'P310', 'P311', 'P303', 'P1545', 'P982', 'P292', 'P294', 'P984', 'P815', 'P988', 'P994']"
R251,TD5045C(C),TD5045,DC5065,3877.03315,14.36480561,-0.331324812,278.5892907,,"['P806', 'P1017', 'P199', 'P1019', 'P1525', 'P173', 'P1020', 'P189', 'P1022', 'P247', 'P312', 'P313', 'P314', 'P315', 'P1546', 'P1029', 'P816', 'P1060', 'P1061']"
R87,TD5045C(M),TD5045,DC5065,3877.03315,14.36480561,-0.331324812,278.5892907,"['TDMZ', 'TDPA', 'TDPB', 'TDPF', 'TDPG', 'TDPJ', 'TDPK']","['P806', 'P1017', 'P199', 'P1019', 'P1525', 'P173', 'P1020', 'P189', 'P1022', 'P247', 'P312', 'P313', 'P314', 'P315', 'P1546', 'P1029', 'P816', 'P1060', 'P1061']"
R254,TD5045D(C),TD5045,DC5066,4105.043548,13.76683916,-0.313080943,302.3757862,,"['P806', 'P1017', 'P201', 'P202', 'P1289', 'P203', 'P200', 'P1661', 'P1755', 'P1521', 'P1018', 'P210', 'P1021', 'P186', 'P1023', 'P194', 'P248', 'P320', 'P321', 'P322', 'P323', 'P1547', 'P1030', 'P818', 'P1059', 'P1058']"
R253,TD5045D(M),TD5045,DC5066,4105.043548,13.76683916,-0.313080943,302.3757862,"['TDMZ', 'TFPB', 'TFMY', 'TFMW', 'TFMU', 'TFMR', 'TFMP', 'TFMN', 'TFML']","['P806', 'P1017', 'P201', 'P202', 'P1289', 'P203', 'P200', 'P1661', 'P1755', 'P1521', 'P1018', 'P210', 'P1021', 'P186', 'P1023', 'P194', 'P248', 'P320', 'P321', 'P322', 'P323', 'P1547', 'P1030', 'P818', 'P1059', 'P1058']"
R255,TD5045E(C),TD5045,EC5487,4000.794045,8.054942129,-0.321723358,633.377892,,"['P806', 'P1017', 'P201', 'P202', 'P1289', 'P203', 'P200', 'P1661', 'P1755', 'P1521', 'P1018', 'P210', 'P1021', 'P186', 'P1023', 'P195', 'P196', 'P197', 'P198', 'P249', 'P334', 'P1288', 'P1287', 'P335', 'P336', 'P1750', 'P359', 'P1035', 'P1554', 'P337', 'P338', 'P339', 'P340', 'P341', 'P342', 'P343', 'P1037', 'P401', 'P1043', 'P819', 'P1046']"
R89,TD5045E(M),TD5045,EC5487,4000.794045,8.054942129,-0.321723358,633.377892,"['TDMZ', 'TFPB', 'TFMY', 'TFMW', 'TFMU', 'TECK', 'TECL', 'TECM', 'TECR', 'TECS', 'TECV']","['P806', 'P1017', 'P201', 'P202', 'P1289', 'P203', 'P200', 'P1661', 'P1755', 'P1521', 'P1018', 'P210', 'P1021', 'P186', 'P1023', 'P195', 'P196', 'P197', 'P198', 'P249', 'P334', 'P1288', 'P1287', 'P335', 'P336', 'P1750', 'P359', 'P1035', 'P1554', 'P337', 'P338', 'P339', 'P340', 'P341', 'P342', 'P343', 'P1037', 'P401', 'P1043', 'P819', 'P1046']"
R90,TD5046A(M),TD5046,TD5040,1361.56884,27.92482655,0.617980889,50.78994687,"['TDMV', 'TDMU', 'TFPE', 'TFPG']","['P1016', 'P168', 'P1014', 'P171', 'P172', 'P1012', 'P803', 'P1518', 'P1515', 'P801']"
R91,TD5046B(S),TD5046,,260.6597217,9.889086965,0.132053356,33.33560331,"['TDMV', 'TINT']","['P1016', 'P168', 'P169', 'P167']"
R92,TD5049A(S),TD5049,,216.2591922,6.705600006,-0.568,32.25053568,['TECD'],"['P1743', 'P182']"
R256,TD5049B(C),TD5049,DC5063,3032.424934,10.89287806,0.044616794,290.2180373,,"['P1743', 'P183', 'P184', 'P959', 'P958', 'P245', 'P305', 'P306', 'P307', 'P1285', 'P308', 'P302', 'P1544', 'P981', 'P291', 'P293', 'P983', 'P814', 'P987', 'P993']"
R93,TD5049B(M) ,TD5049,DC5063,3032.424934,10.89287806,0.044616794,290.2180373,"['TECD', 'TDPC', 'TRKC', 'TNGK', 'TNGM', 'TNGR', 'TNGS', 'TNGU']","['P1743', 'P183', 'P184', 'P959', 'P958', 'P245', 'P305', 'P306', 'P307', 'P1285', 'P308', 'P302', 'P1544', 'P981', 'P291', 'P293', 'P983', 'P814', 'P987', 'P993']"
R257,TD5049C(C),TD5049,DC5064,3033.507021,10.89297906,0.044600878,290.3148597,,"['P1743', 'P183', 'P184', 'P959', 'P958', 'P245', 'P305', 'P306', 'P307', 'P1285', 'P308', 'P302', 'P1544', 'P981', 'P295', 'P1245', 'P1244', 'P1250', 'P294', 'P984', 'P815', 'P988', 'P994']"
R94,TD5049C(M),TD5049,DC5064,3033.507021,10.89297906,0.044600878,290.3148597,"['TECD', 'TDPC', 'TRKC', 'TNGK', 'TNGM', 'TRKA', 'TRJY', 'TRJW', 'TRJV']","['P1743', 'P183', 'P184', 'P959', 'P958', 'P245', 'P305', 'P306', 'P307', 'P1285', 'P308', 'P302', 'P1544', 'P981', 'P295', 'P1245', 'P1244', 'P1250', 'P294', 'P984', 'P815', 'P988', 'P994']"
R95,TD5053A(S),TD5053,,2062.816204,9.311977411,0.207976497,150.8770545,"['TNGM', 'TRKA', 'TRKC', 'TDPE', 'TDPB', 'TFMW', 'TFMY', 'TECG']","['P983', 'P293', 'P1247', 'P1248', 'P1249', 'P1246', 'P982', 'P1545', 'P303', 'P311', 'P310', 'P1286', 'P309', 'P246', 'P1028', 'P193', 'P192', 'P191', 'P190', 'P1293', 'P1292', 'P188', 'P187', 'P1021', 'P210', 'P213', 'P1291', 'P1290', 'P212', 'P1523', 'P211', 'P1033', 'P1663']"
R96,TD5053B(M),TD5053,TD5044,2644.799409,16.71551699,0.329019512,192.7748665,"['TNGM', 'TRKA', 'TRKC', 'TDPE', 'TDPB', 'TFMW', 'TFMY', 'TFPB']","['P983', 'P293', 'P1247', 'P1248', 'P1249', 'P1246', 'P982', 'P1545', 'P303', 'P311', 'P310', 'P1286', 'P309', 'P246', 'P1028', 'P193', 'P192', 'P191', 'P190', 'P1293', 'P1292', 'P188', 'P187', 'P1021', 'P210', 'P1018', 'P1521', 'P1755', 'P1661', 'P200', 'P805']"
R97,TD5053C(M),TD5053,TD5046,2638.713196,14.23662086,0.237326681,203.0172529,"['TNGM', 'TNGK', 'TRKC', 'TDPC', 'TDPA', 'TDMZ']","['P983', 'P293', 'P291', 'P981', 'P1544', 'P302', 'P308', 'P1285', 'P307', 'P306', 'P305', 'P245', 'P958', 'P181', 'P180', 'P179', 'P178', 'P1027', 'P177', 'P176', 'P175', 'P174', 'P1525', 'P1019', 'P199', 'P1017', 'P806', 'P804']"
R98,TD5053D(S),TD5053,309A,1497.677925,10.63176169,-0.09402425,152.3129716,"['TNGM', 'TNGK', 'TRKC', 'TDPC', 'TECD']","['P983', 'P293', 'P291', 'P981', 'P1544', 'P302', 'P308', 'P1285', 'P307', 'P306', 'P305', 'P245', 'P958', 'P959', 'P184', 'P183']"
R99,TD5053E(S),TD5053,,1151.76725,13.46669298,-0.594296964,89.85522542,"['TNGM', 'TRKA', 'TRKC', 'TRKE', 'TRKD']","['P983', 'P293', 'P1247', 'P1248', 'P1249', 'P1246', 'P982', 'P1545', 'P303', 'P304', 'P965', 'P300', 'P301', 'P1557', 'P299', 'P298', 'P966']"
R100,TD5053F(M),TD5053,DW5311,8612.070323,24.86702585,0.060461494,369.870567,"['TNGM', 'TRKA', 'TRKC', 'TRKE', 'TRKG', 'TRKH', 'TRKJ', 'TRKL']","['P983', 'P293', 'P1247', 'P1248', 'P1249', 'P1246', 'P982', 'P1545', 'P303', 'P304', 'P965', 'P300', 'P1558', 'P964', 'P963', 'P811', 'P962', 'P287', 'P1712', 'P1711', 'P1694', 'P1683', 'P1682', 'P1466', 'P1181', 'P120', 'P1458', 'P768']"
R101,TD5053G(M),TD5053,DW5313,8480.82858,24.59850892,0.061350455,370.2441269,"['TNGM', 'TNGK', 'TNGJ', 'TNGF', 'TNGE', 'TNGD']","['P983', 'P293', 'P291', 'P981', 'P1544', 'P302', 'P975', 'P1671', 'P1561', 'P972', 'P810', 'P971', 'P281', 'P1710', 'P1709', 'P1702', 'P1689', 'P1684', 'P1465', 'P1177', 'P1457', 'P767']"
R102,TD5054A(S),TD5054,,2092.56104,9.338473673,0.205020202,153.5385466,"['TRKA', 'TRKC', 'TDPE', 'TDPB', 'TFMW', 'TFMY', 'TECG', 'TECF']","['P984', 'P294', 'P292', 'P982', 'P1545', 'P303', 'P311', 'P310', 'P1286', 'P309', 'P246', 'P1028', 'P193', 'P192', 'P191', 'P190', 'P1293', 'P1292', 'P188', 'P187', 'P1021', 'P210', 'P213', 'P1291', 'P1290', 'P212', 'P1523', 'P211', 'P1033', 'P1663']"
R103,TD5054B(M),TD5054,TD5044,2674.544246,16.65390947,0.325360335,195.4363586,"['TRKA', 'TRKC', 'TDPE', 'TDPB', 'TFMW', 'TFMY', 'TFPB']","['P984', 'P294', 'P292', 'P982', 'P1545', 'P303', 'P311', 'P310', 'P1286', 'P309', 'P246', 'P1028', 'P193', 'P192', 'P191', 'P190', 'P1293', 'P1292', 'P188', 'P187', 'P1021', 'P210', 'P1018', 'P1521', 'P1755', 'P1661', 'P200', 'P805']"
R104,TD5054C-1(M),TD5054,TD5046,2676.247816,13.24814888,0.325635732,213.7656483,"['TRKA', 'TRKC', 'TDPE', 'TDPB', 'TFMW', 'TFMY', 'TFPB', 'TDMZ']","['P984', 'P294', 'P292', 'P982', 'P1545', 'P303', 'P311', 'P310', 'P1286', 'P309', 'P246', 'P1028', 'P193', 'P192', 'P191', 'P190', 'P1293', 'P1292', 'P188', 'P187', 'P1021', 'P210', 'P1018', 'P1521', 'P1755', 'P1661', 'P200', 'P203', 'P1289', 'P202', 'P201', 'P1017', 'P806', 'P804']"
R258,TD5054C-2(M),TD5054,TD5046,2639.795283,14.23536627,0.237229398,203.1140752,"['TRKA', 'TNGM', 'TNGK', 'TRKC', 'TDPC', 'TDPA', 'TDMZ']","['P984', 'P294', 'P1250', 'P1244', 'P1245', 'P295', 'P981', 'P1544', 'P302', 'P308', 'P1285', 'P307', 'P306', 'P305', 'P245', 'P958', 'P181', 'P180', 'P179', 'P178', 'P1027', 'P177', 'P176', 'P175', 'P174', 'P1525', 'P1019', 'P199', 'P1017', 'P806', 'P804']"
R106,TD5054D(S),TD5054,TD5049,1508.480021,10.60685356,-0.089690998,153.8593301,"['TRKA', 'TNGM', 'TNGK', 'TRKC', 'TDPC', 'TECD']","['P984', 'P294', 'P1250', 'P1244', 'P1245', 'P295', 'P981', 'P1544', 'P302', 'P308', 'P1285', 'P307', 'P306', 'P305', 'P245', 'P958', 'P959', 'P184', 'P183', 'P1743']"
R107,TD5054E(S),TD5054,DW5310,1206.525086,13.36273046,-0.546593509,94.75481705,"['TRKA', 'TRKC', 'TRKE', 'TRKD']","['P984', 'P294', 'P292', 'P982', 'P1545', 'P303', 'P304', 'P965', 'P300', 'P301', 'P1557', 'P299', 'P298', 'P966', 'P812']"
R108,TD5054F(M),TD5054,DW5311,8641.815159,24.8199018,0.060253388,372.5320592,"['TRKA', 'TRKC', 'TRKE', 'TRKG', 'TRKH', 'TRKJ', 'TRKL']","['P984', 'P294', 'P292', 'P982', 'P1545', 'P303', 'P304', 'P965', 'P300', 'P1558', 'P964', 'P963', 'P811', 'P962', 'P287', 'P1712', 'P1711', 'P1694', 'P1683', 'P1682', 'P1466', 'P1181', 'P120', 'P1458', 'P768']"
R109,TD5054G(M),TD5054,DW5313,8481.910667,24.59679653,0.061342628,370.3409493,"['TRKA', 'TNGM', 'TNGK', 'TNGJ', 'TNGF', 'TNGE', 'TNGD']","['P984', 'P294', 'P1250', 'P1244', 'P1245', 'P295', 'P981', 'P1544', 'P302', 'P975', 'P1671', 'P1561', 'P972', 'P810', 'P971', 'P281', 'P1710', 'P1709', 'P1702', 'P1689', 'P1684', 'P1465', 'P1177', 'P1457', 'P767']"
R110,TD5055A(M),TD5055,TD5046,2646.80615,15.31826886,0.528580797,182.3528764,"['TDPF', 'TDPB', 'TDPA', 'TDMZ']","['P1029', 'P1546', 'P315', 'P314', 'P313', 'P312', 'P247', 'P1022', 'P189', 'P1020', 'P173', 'P1525', 'P1019', 'P199', 'P1017', 'P806', 'P804']"
R111,TD5056A(S),TD5056,EC5475,2081.153187,10.79559991,0.4654249,135.8530225,"['TFMR', 'TFMU', 'TFMW', 'TFMY', 'TECG', 'TECF']","['P1030', 'P1547', 'P323', 'P322', 'P321', 'P320', 'P248', 'P194', 'P1023', 'P186', 'P1021', 'P210', 'P213', 'P1291', 'P1290', 'P212', 'P1523', 'P211', 'P1033', 'P1663', 'P807']"
R112,TD5056B(M),TD5056,TD5044,2648.122393,17.91232518,0.528077263,171.0337622,"['TFMR', 'TFMU', 'TFMW', 'TFMY', 'TFPB']","['P1030', 'P1547', 'P323', 'P322', 'P321', 'P320', 'P248', 'P194', 'P1023', 'P186', 'P1021', 'P210', 'P1018', 'P1521', 'P1755', 'P1661', 'P200', 'P805']"
R113,TD5056C(M),TD5056,TD5046,2649.825964,14.47179615,0.52822508,189.3630519,"['TFMR', 'TFMU', 'TFMW', 'TFMY', 'TFPB', 'TDMZ']","['P1030', 'P1547', 'P323', 'P322', 'P321', 'P320', 'P248', 'P194', 'P1023', 'P186', 'P1021', 'P210', 'P1018', 'P1521', 'P1755', 'P1661', 'P200', 'P203', 'P1289', 'P202', 'P201', 'P1017', 'P806', 'P804']"
