id,route,start,end,track
R4,RDC5061A(M),5061,5075,"['TDAB', 'TDAC']"
R2,RDC5062A(M),5062,5077,"['TFBY', 'TFBW']"
R35,RDC5063A(M),5063,5079,"['TNGW', 'TDCB', 'TDCF', 'TDCG', 'TDCH']"
R36,RDC5063B(M),5063,5081,"['TNGW', 'TDCB', 'TDCF', 'TFDU', 'TDCS', 'TFDR', 'TFDP']"
R206,RDC5063C(M),5063,5491,"['TNGW', 'TDCB', 'TDCF', 'TFDU', 'TFDS', 'TEDB', 'TEDC', 'TEDG', 'TEDH', 'TEDJ']"
R207,RDC5063D(M),5063,5493,"['TNGW', 'TDCB', 'TDCF', 'TFDU', 'TFDS', 'TEDB', 'TEDC', 'TGAS', 'TGAR', 'TGAM']"
R39,RDC5064A(M),5064,5079,"['TRJS', 'TDCB', 'TDCF', 'TDCG', 'TDCH']"
R40,RDC5064B(M),5064,5081,"['TRJS', 'TDCB', 'TDCF', 'TFDU', 'TFDS', 'TFDR', 'TFDP']"
R208,RDC5064C(M),5064,5491,"['TRJS', 'TDCB', 'TDCF', 'TFDU', 'TFDS', 'TEDB', 'TEDC', 'TEDG', 'TEDH', 'TEDJ']"
R209,RDC5064D(M),5064,5493,"['TRJS', 'TDCB', 'TDCF', 'TFDU', 'TFDS', 'TEDB', 'TEDC', 'TGAS', 'TGAR', 'TGAM']"
R43,RDC5065A(M),5065,5079,"['TDCA', 'TDCB', 'TDCF', 'TDCG', 'TDCH']"
R44,RDC5065B(M),5065,5081,"['TDCA', 'TDCB', 'TDCF', 'TFDU', 'TDCS', 'TFDR', 'TFDP']"
R210,RDC5065C(M),5065,5491,"['TDCA', 'TDCB', 'TDCF', 'TFDU', 'TFDS', 'TEDB', 'TEDC', 'TEDG', 'TEDH', 'TEDJ']"
R211,RDC5065D(M),5065,5493,"['TDCA', 'TDCB', 'TDCF', 'TFDU', 'TFDS', 'TEDB', 'TEDC', 'TGAS', 'TGAR', 'TGAM']"
R47,RDC5066A(M),5066,5081,"['TFDY', 'TFDW', 'TFDU', 'TFDS', 'TFDR']"
R212,RDC5066B(M),5066,5491,"['TFDY', 'TFDW', 'TFDU', 'TFDS', 'TEDB', 'TEDC', 'TEDG', 'TEDH', 'TEDJ']"
R213,RDC5066C(M),5066,5493,"['TFDY', 'TFDW', 'TFDU', 'TFDS', 'TEDB', 'TEDC', 'TGAS', 'TGAR', 'TGAM']"
R116,RDC5075A(M),5075,5083,"['TDAE', 'TDAF']"
R353,RDC5076A(C),5076,5480,"['TFDR', 'TFDS', 'TFDU', 'TFDW', 'TFDY', 'TECW']"
R117,RDC5076A(M),5076,5480,"['TFDR', 'TFDS', 'TFDU', 'TFDW', 'TFDY', 'TECW', 'TGAU', 'TGAW']"
,RDC5076B(C),5076,5484,"['TFDR', 'TFDS', 'TFDU', 'TFDW', 'TFDY', 'TECW']"
R118,RDC5076B(M),5076,5484,"['TFDR', 'TFDS', 'TFDU', 'TFDW', 'TFDY', 'TECW', 'TECV', 'TECS']"
,RDC5076C(C),5076,5056,"['TFDR', 'TFDS', 'TFDU', 'TFDW', 'TFDY']"
R119,RDC5076C(M),5076,5056,"['TFDR', 'TFDS', 'TFDU', 'TFDW', 'TFDY', 'TFML', 'TFMN', 'TFMP']"
,RDC5076D(C),5076,5055,"['TFDR', 'TFDS', 'TFDU', 'TDCF', 'TDCB', 'TDCA', 'TDPK']"
R120,RDC5076D(M),5076,5055,"['TFDR', 'TFDS', 'TFDU', 'TDCF', 'TDCB', 'TDCA', 'TDPK', 'TDPJ', 'TDPG']"
,RDC5076E(C),5076,5054,"['TFDR', 'TFDS', 'TFDU', 'TDCF', 'TDCB', 'TRJS', 'TRJV']"
R121,RDC5076E(M),5076,5054,"['TFDR', 'TFDS', 'TFDU', 'TDCF', 'TDCB', 'TRJS', 'TRJV', 'TRJW', 'TRJY']"
,RDC5076F(C),5076,5053,"['TFDR', 'TFDS', 'TFDU', 'TDCF', 'TDCB', 'TNGW', 'TNGU']"
R122,RDC5076F(M),5076,5053,"['TFDR', 'TFDS', 'TFDU', 'TDCF', 'TDCB', 'TNGW', 'TNGU', 'TNGS', 'TNGR']"
R123,RDC5077A(M),5077,5085,"['TFBU', 'TFBR']"
,RDC5078A(C),5078,5055,"['TDCG', 'TDCF', 'TDCB', 'TDCA', 'TDPK']"
R124,RDC5078A(M),5078,5055,"['TDCG', 'TDCF', 'TDCB', 'TDCA', 'TDPK', 'TDPJ', 'TDPG']"
R354,RDC5078B(C),5078,5054,"['TDCG', 'TDCF', 'TDCB', 'TRJS', 'TRJV']"
R125,RDC5078B(M),5078,5054,"['TDCG', 'TDCF', 'TDCB', 'TRJS', 'TRJV', 'TRJW', 'TRJY']"
R323,RDC5078C(C),5078,5053,"['TDCG', 'TDCF', 'TDCB', 'TNGW', 'TNGU']"
R126,RDC5078C(M),5078,5053,"['TDCG', 'TDCF', 'TDCB', 'TNGW', 'TNGU', 'TNGS', 'TNGR']"
R127,RDC5079A(M),5079,5087,"['TDCH', 'TDCK']"
,RDC5080A(C),5080,5302,"['TFBW', 'TFBY']"
R128,RDC5080A(M),5080,5302,"['TFBW', 'TFBY', 'TYTS', 'TYTV', 'TYTW']"
R129,RDC5081A(M),5081,5089,"['TFDP', 'TFDM', 'TFDK']"
,RDC5082A(C),5082,5301,"['TDAE', 'TDAC', 'TDAB']"
R130,RDC5082A(M),5082,5301,"['TDAE', 'TDAC', 'TDAB', 'TPSU', 'TPSM', 'TPSL']"
R131,RDC5083A(M),5083,5093,"['TDAG', 'TDAJ', 'TDAK', 'TDAL', 'TDAP', 'TDAR', 'TDAU']"
R132,RDC5084A(M),5084,5076,"['TFMJ', 'TFDB', 'TFDC', 'TFDE', 'TFDG', 'TFDK', 'TFDM', 'TFDP']"
R133,RDC5084B(M),5084,5078,"['TFMJ', 'TFDB', 'TFBE', 'TFBG', 'TDCR', 'TDCM', 'TDCL', 'TDCK', 'TDCH']"
R134,RDC5084C(M),5084,5080,"['TFMJ', 'TFDB', 'TFBE', 'TFBG', 'TFBK', 'TFBN', 'TFBP', 'TFBR', 'TFBU']"
R135,RDC5085A(M),5085,5093,"['TFBP', 'TFBN', 'TFBK', 'TDAL', 'TDAP', 'TDAR', 'TDAU']"
R136,RDC5085B(M),5085,5095,"['TFBP', 'TFBN', 'TFBK', 'TFBG', 'TFBE', 'TFBD']"
R137,RDC5085C(M),5085,5097,"['TFBP', 'TFBN', 'TFBK', 'TFBG', 'TFBE', 'TFDB', 'TFMJ']"
R138,RDC5087A(M),5087,5093,"['TDCL', 'TDCM', 'TFBN', 'TFBK', 'TDAK', 'TDAL', 'TDAP', 'TDAR', 'TDAU']"
R139,RDC5087B(M),5087,5095,"['TDCK', 'TDCL', 'TDCM', 'TDCR', 'TFBG', 'TFBE', 'TFBD']"
R140,RDC5087C(M),5087,5097,"['TDCK', 'TDCL', 'TDCM', 'TDCR', 'TFBG', 'TFBE', 'TFDB', 'TFMJ']"
R141,RDC5088A(M),5088,5076,"['TFBD', 'TFBE', 'TFBG', 'TDCR', 'TFDE', 'TFDG', 'TFDK', 'TFDM', 'TFDP']"
R142,RDC5088B(M),5088,5078,"['TFBD', 'TFBE', 'TFBG', 'TDCR', 'TDCM', 'TDCL', 'TDCK', 'TDCH']"
R143,RDC5088C(M),5088,5080,"['TFBD', 'TFBE', 'TFBG', 'TFBK', 'TFBN', 'TFBP', 'TFBR', 'TFBU']"
R144,RDC5089A(M),5089,5095,"['TFDK', 'TFDG', 'TFDE', 'TDCR', 'TFBG', 'TFBE', 'TFBD']"
R341,RDC5089B(C),5089,5097,"['TFDK', 'TFDG', 'TFDE']"
R145,RDC5089B(M),5089,5097,"['TFDK', 'TFDG', 'TFDE', 'TFDC', 'TFDB', 'TFMJ']"
R146,RDC5090A(M),5090,5078,"['TDAR', 'TDAP', 'TDAL', 'TFBK', 'TFBN', 'TDCM', 'TDCL', 'TDCK', 'TDCH']"
R147,RDC5090B(M),5090,5080,"['TDAR', 'TDAP', 'TDAL', 'TFBK', 'TFBN', 'TFBP', 'TFBR', 'TFBU']"
R148,RDC5090C(M),5090,5082,"['TDAR', 'TDAP', 'TDAL', 'TDAK', 'TDAJ', 'TDAG', 'TDAF', 'TDAE']"
R149,RDC5092A(M),5092,5084,"['TFMC', 'TFMD', 'TFME', 'TFMH', 'TFMJ']"
,RDC5093A(C),5093,5107,"['TDAU', 'TDAV', 'TDAW', 'TDBA', 'TDEB']"
R150,RDC5093A(M),5093,5107,"['TDAU', 'TDAV', 'TDAW', 'TDBA', 'TDEB', 'TDEC', 'TDEG']"
R151,RDC5093B(M),5093,5101,"['TDAU', 'TDAV', 'TDAW', 'TDBA', 'TDBC', 'TDBE']"
R152,RDC5094A(M),5094,5088,"['TFAL', 'TFAM', 'TFAS', 'TFAW', 'TFBD']"
R153,RDC5095A(M),5095,5107,"['TFBD', 'TFAW', 'TFAS', 'TDAW', 'TDBA', 'TDEB', 'TDEC', 'TDEG']"
R154,RDC5095B(M),5095,5101,"['TFBD', 'TFAW', 'TFAS', 'TDAW', 'TDBA', 'TDBC', 'TDBE']"
R155,RDC5095C(M),5095,5103,"['TFBD', 'TFAW', 'TFAS', 'TFAM', 'TFAL']"
R156,RDC5096A(M),5096,5088,"['TDBE', 'TDBC', 'TDBA', 'TDAW', 'TFAS', 'TFAW', 'TFBD']"
R157,RDC5096B(M),5096,5090,"['TDBE', 'TDBC', 'TDBA', 'TDAW', 'TDAV', 'TDAU', 'TDAR']"
R158,RDC5097A(M),5097,5105,"['TFMJ', 'TFMH', 'TFME', 'TFMD', 'TFMC']"
R159,RDC5098A(M),5098,5088,"['TDEC', 'TDEB', 'TDBA', 'TDAW', 'TFAS', 'TFAW', 'TFBD']"
R160,RDC5098B(M),5098,5090,"['TDEC', 'TDEB', 'TDBA', 'TDAW', 'TDAV', 'TDAU', 'TDAR']"
R161,RDC5101A(M),5101,5109,"['TDBE', 'TDBF', 'TDBH', 'TDBK', 'TDBL', 'TDBN']"
,RDC5102A(C),5102,5092,"['TDBN', 'TDBL', 'TDBK', 'TDBH', 'TFAH', 'TFAJ']"
R162,RDC5102A(M),5102,5092,"['TDBN', 'TDBL', 'TDBK', 'TDBH', 'TFAH', 'TFAJ', 'TFMB', 'TFMC']"
R163,RDC5102B(M),5102,5094,"['TDBN', 'TDBL', 'TDBK', 'TDBH', 'TFAH', 'TFAJ', 'TFAK', 'TFAL']"
R164,RDC5102C(M),5102,5096,"['TDBN', 'TDBL', 'TDBK', 'TDBH', 'TDBF', 'TDBE']"
R165,RDC5102D(M),5102,5098,"['TDBN', 'TDBL', 'TDEK', 'TDEG', 'TDEC']"
R166,RDC5103A(M),5103,5109,"['TFAL', 'TFAK', 'TFAJ', 'TFAH', 'TDBH', 'TDBK', 'TDBL', 'TDBN']"
R167,RDC5104A(M),5104,5092,"['TFAB', 'TFAE', 'TFAG', 'TFAH', 'TFAJ', 'TFMB', 'TFMC']"
R168,RDC5104B(M),5104,5094,"['TFAB', 'TFAE', 'TFAG', 'TFAH', 'TFAJ', 'TFAK', 'TFAL']"
R169,RDC5104C(M),5104,5096,"['TFAB', 'TFAE', 'TFAG', 'TDBK', 'TDBH', 'TDBF', 'TDBE']"
R291,RDC5105A(M),5105,5109,"['TFMC', 'TFMB', 'TFAJ', 'TFAH', 'TDBH', 'TDBK', 'TDBL', 'TDBN']"
R222,RDC5107A(M),5107,5109,"['TDEG', 'TDEK', 'TDBL', 'TDBN']"
,RDW5300A(C),5300,5061,"['TPSF', 'TPSG', 'TPSH', 'TPSJ']"
R3,RDW5300A(M),5300,5061,"['TPSF', 'TPSG', 'TPSH', 'TPSJ', 'TPSL', 'TPSM', 'TPSU']"
R5,RDW5301A(M),5301,5315,"['TPSL', 'TPSJ', 'TPSH', 'TYVB', 'TYVC', 'TYVD', 'TYVG']"
R6,RDW5302A(M),5302,5315,"['TYTW', 'TYVA', 'TYVB', 'TYVC', 'TYVD', 'TYVG']"
,RDW5304A(C),5304,5061,"['TYVC', 'TYVB', 'TPSH', 'TPSJ', 'TPSL']"
R7,RDW5304A(M),5304,5061,"['TYVC', 'TYVB', 'TPSH', 'TPSJ', 'TPSL', 'TPSM', 'TPSU']"
R340,RDW5304B(C),5304,5062,"['TYVC', 'TYVB', 'TYVA', 'TYTW']"
R9,RDW5304B(M),5304,5062,"['TYVC', 'TYVB', 'TYVA', 'TYTW', 'TYTV', 'TYTS']"
R317,RDW5306A(C),5306,5063,"['TNGF', 'TNGJ', 'TNGK', 'TNGM', 'TNGR']"
R50,RDW5306A(M),5306,5063,"['TNGF', 'TNGJ', 'TNGK', 'TNGM', 'TNGR', 'TNGS', 'TNGU']"
R337,RDW5306B(C),5306,5064,"['TNGF', 'TNGJ', 'TNGK', 'TNGM', 'TRKA', 'TRJY']"
R51,RDW5306B(M),5306,5064,"['TNGF', 'TNGJ', 'TNGK', 'TNGM', 'TRKA', 'TRJY', 'TRJW', 'TRJV']"
,RDW5308A(C),5308,5063,"['TRKG', 'TRKE', 'TRKC', 'TRKB', 'TRKA', 'TNGM', 'TNGR']"
R52,RDW5308A(M),5308,5063,"['TRKG', 'TRKE', 'TRKC', 'TRKB', 'TRKA', 'TNGM', 'TNGR', 'TNGS', 'TNGU']"
,RDW5308B(C),5308,5064,"['TRKG', 'TRKE', 'TRKC', 'TRKB', 'TRKA', 'TRJY']"
R53,RDW5308B(M),5308,5064,"['TRKG', 'TRKE', 'TRKC', 'TRKB', 'TRKA', 'TRJY', 'TRJW', 'TRJV']"
R242,RDW5309A(M),5309,5321,"['TPSC', 'TPSB', 'TPRZ', 'TPRW', 'TPRU']"
,RDW5310A(C),5310,5063,"['TRKE', 'TRKC', 'TRKB', 'TRKA', 'TNGM', 'TNGR']"
R54,RDW5310A(M),5310,5063,"['TRKE', 'TRKC', 'TRKB', 'TRKA', 'TNGM', 'TNGR', 'TNGS', 'TNGU']"
,RDW5310B(C),5310,5064,"['TRKE', 'TRKC', 'TRKB', 'TRKA', 'TRJY']"
R55,RDW5310B(M),5310,5064,"['TRKE', 'TRKC', 'TRKB', 'TRKA', 'TRJY', 'TRJW', 'TRJV']"
R11,RDW5311A(M),5311,5319,"['TRKM', 'TRKN', 'TYVN', 'TYVR']"
R12,RDW5311B(M),5311,5321,"['TRKM', 'TNGB', 'TYVK', 'TYVL', 'TPRZ', 'TPRW', 'TPRU']"
R13,RDW5313A(M),5313,5319,"['TNGC', 'TNGB', 'TYVK', 'TYVL', 'TYVM', 'TYVN', 'TYVR']"
R14,RDW5313B(M),5313,5321,"['TNGC', 'TNGB', 'TYVK', 'TYVL', 'TPRZ', 'TPRW', 'TPRU']"
R15,RDW5315A(M),5315,5319,"['TYVJ', 'TYVK', 'TYVL', 'TYVM', 'TYVN', 'TYVR']"
R16,RDW5315B(M),5315,5321,"['TYVJ', 'TYVK', 'TYVL', 'TPRZ', 'TPRW', 'TPRU']"
R115,RDW5316A(S),5316,5309,"['TPRZ', 'TPSB', 'TPSC']"
R17,RDW5316B(M),5316,5300,"['TPRZ', 'TPSB', 'TPSD', 'TPSF']"
R18,RDW5316C(M),5316,5304,"['TPRZ', 'TYVL', 'TYVK', 'TYVJ', 'TYVG', 'TYVD']"
R19,RDW5316D(M),5316,5306,"['TPRZ', 'TYVL', 'TYVK', 'TNGB', 'TNGC', 'TNGD', 'TNGE', 'TNGF']"
R20,RDW5316E(M),5316,5308,"['TPRZ', 'TYVL', 'TYVK', 'TNGB', 'TRKM', 'TRKL', 'TRKJ', 'TRKH']"
R21,RDW5318A(M),5318,5316,"['TYSB', 'TYVU', 'TYVS', 'TPRM', 'TPRU', 'TPRW']"
R22,RDW5319A(M),5319,5323,"['TYVS', 'TYSB', 'TYSC']"
R23,RDW5319B(M),5319,5329,"['TYVS', 'TYVU', 'TYVW', 'TRKS', 'TRKU']"
R24,RDW5319C(M),5319,5331,"['TYVS', 'TYVU', 'TYVW', 'TYWB']"
R25,RDW5320A(S),5320,5318,['TYSC']
R26,RDW5321A(M),5321,5323,"['TPRM', 'TVS', 'TYSB', 'TYSC']"
R27,RDW5321B(M),5321,5329,"['TPRM', 'TVS', 'TYVU', 'TYVW', 'TRKS', 'TRKU']"
R28,RDW5321C(M),5321,5331,"['TPRM', 'TVS', 'TYVU', 'TYVW', 'TYWB']"
R29,RDW5322A(M),5322,5316,"['TNJC', 'TPRJ', 'TPRM', 'TPRU', 'TPRW']"
R30,RDW5324A(M),5324,5316,"['TPRJ', 'TPRM', 'TPRU', 'TPRW']"
R31,RDW5328A(M),5328,5322,"['TPRE', 'TPRG', 'TNJB']"
R32,RDW5328B(M),5328,5324,"['TPRE', 'TPRG', 'TPRH']"
R33,RDW5329A(M),5329,5333,"['TRKV', 'TYWE']"
R256,RDW5331A(M),5331,5333,"['TYWC', 'TYWE']"
,RDY544B(M),544,552,"['T868', 'T872', 'T874', 'T878', 'T884']"
,RDY551A(M),551,5108,"['T885', 'T883', 'T871']"
,RDY556A(C),556,562,"['T898', 'T902']"
R312,RDY556A(M),556,562,"['T898', 'T902', 'T904']"
R311,RDY556B(M),556,564,"['T898', 'T902', 'T906']"
R321,RDY557A(M),557,555,"['T901', 'T899', 'T897']"
R338,RDY559A(M),559,555,"['T940', 'T899', 'T897']"
R316,RDY562A(M),562,572,"['T939', 'T908', 'T941', 'T910', 'T911']"
R315,RDY562B(M),562,574,"['T939', 'T908', 'T941', 'T918', 'T920', 'T922', 'T930']"
R314,RDY564A(M),564,572,"['T908', 'T941', 'T910', 'T911']"
R313,RDY564B(M),564,574,"['T908', 'T941', 'T918', 'T920', 'T922']"
R335,RDY569A(M),569,557,"['T915', 'T909', 'T907', 'T905', 'T901']"
,RDY569B(C),569,559,"['T915', 'T909', 'T907']"
R336,RDY569B(M),569,559,"['T915', 'T909', 'T907', 'T903']"
R308,RDY571A(M),571,557,"['T911', 'T910', 'T941', 'T908', 'T909', 'T907', 'T905']"
,RDY571B(C),571,559,"['T911', 'T910', 'T941', 'T908', 'T909', 'T907']"
R309,RDY571B(M),571,559,"['T911', 'T910', 'T941', 'T908', 'T909', 'T907', 'T903']"
,RDY572A(M),572,572,['T912']
,RDY581A(M),581,569,"['T927', 'T925', 'T921', 'T917', 'T915']"
R114,REC5474A(S),5474,5475,['TECG']
,REC5475A(C),5475,5063,"['TECF', 'TECG', 'TFMY', 'TFMW', 'TDPB', 'TDPE', 'TRKB', 'TRKA', 'TNGM', 'TNGR']"
R56,REC5475A(M),5475,5063,"['TECF', 'TECG', 'TFMY', 'TFMW', 'TDPB', 'TDPE', 'TRKB', 'TRKA', 'TNGM', 'TNGR', 'TNGS', 'TNGU']"
,REC5475B(C),5475,5064,"['TECF', 'TECG', 'TFMY', 'TFMW', 'TDPB', 'TDPE', 'TRKB', 'TRKA', 'TRJY']"
R57,REC5475B(M),5475,5064,"['TECF', 'TECG', 'TFMY', 'TFMW', 'TDPB', 'TDPE', 'TRKB', 'TRKA', 'TRJY', 'TRJW', 'TRJV']"
,REC5475C(C),5475,5066,"['TECF', 'TECG', 'TFMY', 'TFMW', 'TFMU', 'TFMR', 'TFMP']"
R58,REC5475C(M),5475,5066,"['TECF', 'TECG', 'TFMY', 'TFMW', 'TFMU', 'TFMR', 'TFMP', 'TFMN', 'TFML']"
R59,REC5475D(S),5475,5477,"['TECF', 'TECG', 'TECJ', 'TECK']"
R348,REC5475E(M),5475,5487,"['TECF', 'TECG', 'TECJ', 'TECK', 'TECL', 'TECM', 'TECR', 'TECS', 'TECV']"
R61,REC5477A(S),5477,5487,"['TECK', 'TECL', 'TECM', 'TECR', 'TECS', 'TECV']"
,REC5477A(SP),5477,5487,"['TECK', 'TECL', 'TECM', 'TECR']"
R62,REC5480A(S),5480,5478,"['TGAW', 'TNJS', 'TNJR']"
R63,REC5481A(S),5481,5487,"['TNJH', 'TECM', 'TECR', 'TECS', 'TECV']"
,REC5481A(SP),5481,5487,"['TNJH', 'TECM', 'TECR']"
R64,REC5483A(S),5483,5487,"['TNJP', 'TNJR', 'TECR', 'TECS', 'TECV']"
,REC5483A(SP),5483,5487,"['TNJP', 'TNJR', 'TECR']"
R65,REC5483B(S),5483,5489,"['TNJP', 'TNJR', 'TNJS', 'TGAW', 'TGAU']"
,REC5483B(SP),5483,5489,"['TNJP', 'TNJR', 'TNJS']"
R66,REC5484A(S),5484,5478,"['TECS', 'TECR', 'TNJR']"
R67,REC5484B(S),5484,5476,"['TECS', 'TECR', 'TECM']"
R68,REC5484C(S),5484,5474,"['TECS', 'TECR', 'TECM', 'TECL', 'TECK', 'TECJ']"
,REC5484C(SP),5484,5474,"['TECS', 'TECR', 'TECM', 'TECL', 'TECK']"
R69,REC5484D(M),5484,5044,"['TECS', 'TECR', 'TECM', 'TECL', 'TECK', 'TFMU', 'TFMW', 'TFMY', 'TFPB']"
R70,REC5484E(M),5484,5046,"['TECS', 'TECR', 'TECM', 'TECL', 'TECK', 'TFMU', 'TFMW', 'TFMY', 'TFPB', 'TDMZ', 'TDMW']"
,REC5486A(C),5486,5480,"['TGAS', 'TEDC', 'TEDB', 'TEDA', 'TECW']"
R216,REC5486A(M),5486,5480,"['TGAS', 'TEDC', 'TEDB', 'TEDA', 'TECW', 'TGAU', 'TGAW']"
,REC5486B(C),5486,5484,"['TGAS', 'TEDC', 'TEDB', 'TEDA', 'TECW']"
R217,REC5486B(M),5486,5484,"['TGAS', 'TEDC', 'TEDB', 'TEDA', 'TECW', 'TECV', 'TECS']"
R350,REC5486C(C),5486,5056,"['TGAS', 'TEDC', 'TEDB', 'TFDS', 'TFDU', 'TFDW', 'TFDY']"
R218,REC5486C(M),5486,5056,"['TGAS', 'TEDC', 'TEDB', 'TFDS', 'TFDU', 'TFDW', 'TFDY', 'TFML', 'TFMN', 'TFMP']"
R349,REC5486D(C),5486,5055,"['TGAS', 'TEDC', 'TEDB', 'TFDS', 'TFDU', 'TDCF', 'TDCB', 'TDCA']"
R219,REC5486D(M),5486,5055,"['TGAS', 'TEDC', 'TEDB', 'TFDS', 'TFDU', 'TDCF', 'TDCB', 'TDCA', 'TDPK', 'TDPJ', 'TDPG']"
,REC5486E(C),5486,5054,"['TGAS', 'TEDC', 'TEDB', 'TFDS', 'TFDU', 'TDCF', 'TDCB', 'TRJS', 'TRJV']"
R220,REC5486E(M),5486,5054,"['TGAS', 'TEDC', 'TEDB', 'TFDS', 'TFDU', 'TDCF', 'TDCB', 'TRJS', 'TRJV', 'TRJW', 'TRJY']"
,REC5486F(C),5486,5053,"['TGAS', 'TEDC', 'TEDB', 'TFDS', 'TFDU', 'TDCF', 'TDCB', 'TNGW', 'TNGU']"
R221,REC5486F(M),5486,5053,"['TGAS', 'TEDC', 'TEDB', 'TFDS', 'TFDU', 'TDCF', 'TDCB', 'TNGW', 'TNGU', 'TNGS', 'TNGR']"
R71,REC5487A(M),5487,5081,"['TECW', 'TFDY', 'TFDW', 'TFDU', 'TFDR']"
,REC5487B(C),5487,5491,"['TECW', 'TEDA', 'TEDB', 'TEDC', 'TEDG']"
R72,REC5487B(M),5487,5491,"['TECW', 'TEDA', 'TEDB', 'TEDC', 'TEDG', 'TEDH', 'TEDJ']"
,REC5487C(C),5487,5493,"['TECW', 'TEDA', 'TEDB', 'TEDC', 'TGAS']"
R214,REC5487C(M),5487,5493,"['TECW', 'TEDA', 'TEDB', 'TEDC', 'TGAS', 'TGAR', 'TGAM']"
,REC5488A(C),5488,5480,"['TEDG', 'TEDC', 'TEDB', 'TEDA', 'TECW']"
R178,REC5488A(M),5488,5480,"['TEDG', 'TEDC', 'TEDB', 'TEDA', 'TECW', 'TGAU', 'TGAW']"
,REC5488B(C),5488,5484,"['TEDG', 'TEDC', 'TEDB', 'TEDA', 'TECW']"
R179,REC5488B(M),5488,5484,"['TEDG', 'TEDC', 'TEDB', 'TEDA', 'TECW', 'TECV', 'TECS']"
,REC5488C(C),5488,5056,"['TEDG', 'TEDC', 'TFDR', 'TFDU', 'TFDW', 'TFDY']"
R180,REC5488C(M),5488,5056,"['TEDG', 'TEDC', 'TFDR', 'TFDU', 'TFDW', 'TFDY', 'TFML', 'TFMN', 'TFMP']"
,REC5488D(C),5488,5055,"['TEDG', 'TEDC', 'TFDR', 'TFDU', 'TDCG', 'TDCB', 'TDCA']"
R181,REC5488D(M),5488,5055,"['TEDG', 'TEDC', 'TFDR', 'TFDU', 'TDCG', 'TDCB', 'TDCA', 'TDPK', 'TDPJ', 'TDPG']"
,REC5488E(C),5488,5054,"['TEDG', 'TEDC', 'TFDR', 'TFDU', 'TDCG', 'TDCB', 'TRJS', 'TRJV']"
R182,REC5488E(M),5488,5054,"['TEDG', 'TEDC', 'TFDR', 'TFDU', 'TDCG', 'TDCB', 'TRJS', 'TRJV', 'TRJW', 'TRJY']"
,REC5488F(C),5488,5053,"['TEDG', 'TEDC', 'TFDR', 'TFDU', 'TDCG', 'TDCB', 'TNGW', 'TNGU']"
R183,REC5488F(M),5488,5053,"['TEDG', 'TEDC', 'TFDR', 'TFDU', 'TDCG', 'TDCB', 'TNGW', 'TNGU', 'TNGS', 'TNGR']"
R74,REC5489A(M),5489,5081,"['TECW', 'TFDY', 'TFDW', 'TFDU', 'TFDR']"
,REC5489B(C),5489,5491,"['TECW', 'TEDA', 'TEDB', 'TEDC', 'TEDG']"
R75,REC5489B(M),5489,5491,"['TECW', 'TEDA', 'TEDB', 'TEDC', 'TEDG', 'TEDH', 'TEDJ']"
,REC5489C(C),5489,5493,"['TECW', 'TEDA', 'TEDB', 'TEDC', 'TGAS']"
R215,REC5489C(M),5489,5493,"['TECW', 'TEDA', 'TEDB', 'TEDC', 'TGAS', 'TGAR', 'TGAM']"
R184,REC5490A(S),5490,5488,"['TEDM', 'TEDK', 'TEDJ', 'TEDH']"
R185,REC5491A(S),5491,5495,"['TEDK', 'TEDM', 'TEDN']"
R186,REC5491B(S),5491,5501,"['TEDK', 'TEDM', 'TGAK', 'TGAJ']"
R187,REC5491C(S),5491,5502,"['TEDK', 'TEDM', 'TGAK', 'TGAJ']"
R188,REC5491D(S),5491,5503,"['TEDK', 'TEDM', 'TGAK', 'TGAJ']"
R189,REC5491E(S),5491,5504,"['TEDK', 'TEDM', 'TGAK', 'TGAJ']"
R190,REC5491F(S),5491,5497,"['TEDK', 'TEDM', 'TGAK', 'TGAJ']"
R191,REC5493A(S),5493,5501,"['TGAL', 'TGAK', 'TGAJ']"
R192,REC5493B(S),5493,5502,"['TGAL', 'TGAK', 'TGAJ']"
R194,REC5493C(S),5493,5504,"['TGAL', 'TGAK', 'TGAJ']"
R193,REC5493D(S),5493,5503,"['TGAL', 'TGAK', 'TGAJ']"
R195,REC5493E(S),5493,5497,"['TGAL', 'TGAK', 'TGAJ']"
R196,REC5496A(S),5496,5486,"['TGAJ', 'TGAK', 'TGAL', 'TGAM', 'TGAR']"
R197,REC5496B(S),5496,5488,"['TGAJ', 'TGAK', 'TEDM', 'TEDK', 'TEDJ', 'TEDH']"
R198,REC5501A(S),5501,5486,"['TGAJ', 'TGAK', 'TGAL', 'TGAM', 'TGAR']"
R199,REC5501B(S),5501,5488,"['TGAJ', 'TGAK', 'TEDM', 'TEDK', 'TEDJ', 'TEDH']"
R200,REC5502A(S),5502,5486,"['TGAJ', 'TGAK', 'TGAL', 'TGAM', 'TGAR']"
R201,REC5502B(S),5502,5488,"['TGAJ', 'TGAK', 'TEDM', 'TEDK', 'TEDJ', 'TEDH']"
R202,REC5503A(S),5503,5486,"['TGAJ', 'TGAK', 'TGAL', 'TGAM', 'TGAR']"
R203,REC5503B(S),5504,5488,"['TGAJ', 'TGAK', 'TEDM', 'TEDK', 'TEDJ', 'TEDH']"
R204,REC5504A(S),5504,5486,"['TGAJ', 'TGAK', 'TGAL', 'TGAM', 'TGAR']"
R205,REC5504B(S),5504,5488,"['TGAJ', 'TGAK', 'TEDM', 'TEDK', 'TEDJ', 'TEDH']"
R77,RTD5029A(M),5029,5033,"['TDMC', 'TDME', 'TDMF', 'TDMH']"
R78,RTD5032A(M),5032,5030,"['TFPM', 'TFPS', 'TFPV']"
R79,RTD5037A(M),5037,5045,"['TDMN', 'TDMP', 'TDMS', 'TDMU', 'TDMV', 'TDMW']"
R80,RTD5039A(M),5039,5045,"['TFPG', 'TFPE', 'TDMU', 'TDMV', 'TDMW']"
R81,RTD5040A(M),5040,5038,"['TFPG', 'TFPH', 'TFPJ']"
R82,RTD5043A(S),5043,5045,"['TECA', 'TDMV', 'TDMW']"
R83,RTD5044A(M),5044,5040,"['TFPB', 'TFPE', 'TFPG']"
R320,RTD5045A(C),5045,5063,"['TDMZ', 'TDPA', 'TDPC', 'TRKC', 'TNGK', 'TNGM', 'TNGR', 'TNGS']"
R84,RTD5045A(M),5045,5063,"['TDMZ', 'TDPA', 'TDPC', 'TRKC', 'TNGK', 'TNGM', 'TNGR', 'TNGS', 'TNGU']"
R339,RTD5045B-1(C),5045,5064,"['TDMZ', 'TDPA', 'TDPB', 'TDPE', 'TRKC', 'TRKA', 'TRJY']"
R85,RTD5045B-1(M),5045,5064,"['TDMZ', 'TDPA', 'TDPC', 'TRKC', 'TNGK', 'TNGM', 'TRKA', 'TRJY', 'TRJW', 'TRJV']"
,RTD5045B-2(C),5045,5064,"['TDMZ', 'TFPB', 'TFMY', 'TFMW', 'TDPB', 'TDPE', 'TRKC', 'TRKA', 'TRJY']"
R86,RTD5045B-2(M),5045,5064,"['TDMZ', 'TFPB', 'TFMY', 'TFMW', 'TDPB', 'TDPE', 'TRKC', 'TRKA', 'TRJY', 'TRJW', 'TRJV']"
,RTD5045C(C),5045,5065,"['TDMZ', 'TDPA', 'TDPB', 'TDPF', 'TDPG']"
R87,RTD5045C(M),5045,5065,"['TDMZ', 'TDPA', 'TDPB', 'TDPF', 'TDPG', 'TDPJ', 'TDPK']"
,RTD5045D(C),5045,5066,"['TDMZ', 'TFPB', 'TFMY', 'TFMW', 'TFMU', 'TFMR', 'TFMP']"
R351,RTD5045D(M),5045,5066,"['TDMZ', 'TFPB', 'TFMY', 'TFMW', 'TFMU', 'TFMR', 'TFMP', 'TFMN', 'TFML']"
,RTD5045E(C),5045,5487,"['TDMZ', 'TFPB', 'TFMY', 'TFMW', 'TFMU', 'TECK', 'TECL', 'TECM', 'TECR']"
R89,RTD5045E(M),5045,5487,"['TDMZ', 'TFPB', 'TFMY', 'TFMW', 'TFMU', 'TECK', 'TECL', 'TECM', 'TECR', 'TECS', 'TECV']"
R90,RTD5046A(M),5046,5040,"['TDMV', 'TDMU', 'TFPE', 'TFPG']"
R91,RTD5046B(S),5046,5043,"['TDMV', 'TECA']"
R92,RTD5049A(S),5049,5049,['TECD']
,RTD5049B(C),5049,5063,"['TECD', 'TDPC', 'TRKC', 'TNGK', 'TNGM', 'TNGR']"
R93,RTD5049B(M) ,5049,5063,"['TECD', 'TDPC', 'TRKC', 'TNGK', 'TNGM', 'TNGR', 'TNGS', 'TNGU']"
,RTD5049C(C),5049,5064,"['TECD', 'TDPC', 'TRKC', 'TNGK', 'TNGM', 'TRKA', 'TRJY']"
R94,RTD5049C(M),5049,5064,"['TECD', 'TDPC', 'TRKC', 'TNGK', 'TNGM', 'TRKA', 'TRJY', 'TRJW', 'TRJV']"
R95,RTD5053A(S),5053,5475,"['TNGM', 'TRKA', 'TRKB', 'TDPE', 'TDPB', 'TFMW', 'TFMY', 'TECG', 'TECF']"
R96,RTD5053B(M),5053,5044,"['TNGM', 'TRKA', 'TRKB', 'TDPE', 'TDPB', 'TFMW', 'TFMY', 'TFPB']"
R97,RTD5053C(M),5053,5046,"['TNGM', 'TNGK', 'TRKC', 'TDPC', 'TDPA', 'TDMZ', 'TDMW']"
R98,RTD5053D(S),5053,5049,"['TNGM', 'TNGK', 'TRKC', 'TDPC', 'TECD', 'TECB']"
R99,RTD5053E(S),5053,5310,"['TNGM', 'TRKA', 'TRKB', 'TRKC', 'TRKE', 'TRKD']"
R100,RTD5053F(M),5053,5311,"['TNGM', 'TRKA', 'TRKB', 'TRKC', 'TRKE', 'TRKG', 'TRKH', 'TRKJ', 'TRKL']"
R101,RTD5053G(M),5053,5313,"['TNGM', 'TNGK', 'TNGJ', 'TNGF', 'TNGE', 'TNGD']"
R102,RTD5054A(S),5054,5475,"['TRKA', 'TRKB', 'TDPE', 'TDPB', 'TFMW', 'TFMY', 'TECG', 'TECF']"
R103,RTD5054B(M),5054,5044,"['TRKA', 'TRKB', 'TDPE', 'TDPB', 'TFMW', 'TFMY', 'TFPB']"
R104,RTD5054C-1(M),5054,5046,"['TRKA', 'TRKB', 'TDPE', 'TDPB', 'TFMW', 'TFMY', 'TFPB', 'TDMZ', 'TDMW']"
,RTD5054C-2(M),5054,5046,"['TRKA', 'TNGM', 'TNGK', 'TRKC', 'TDPC', 'TDPA', 'TDMZ']"
R106,RTD5054D(S),5054,5049,"['TRKA', 'TNGM', 'TNGK', 'TRKC', 'TDPC', 'TECD']"
R107,RTD5054E(S),5054,5310,"['TRKA', 'TRKB', 'TRKC', 'TRKE', 'TRKD']"
R108,RTD5054F(M),5054,5311,"['TRKA', 'TRKB', 'TRKC', 'TRKE', 'TRKG', 'TRKH', 'TRKJ', 'TRKL']"
R109,RTD5054G(M),5054,5313,"['TRKA', 'TNGM', 'TNGK', 'TNGJ', 'TNGF', 'TNGE', 'TNGD']"
R110,RTD5055A(M),5055,5046,"['TDPF', 'TDPB', 'TDPA', 'TDMZ', 'TDMW']"
R111,RTD5056A(S),5056,5475,"['TFMR', 'TFMU', 'TFMW', 'TFMY', 'TECG', 'TECF']"
R112,RTD5056B(M),5056,5044,"['TFMR', 'TFMU', 'TFMW', 'TFMY', 'TFPB']"
R113,RTD5056C(M),5056,5046,"['TFMR', 'TFMU', 'TFMW', 'TFMY', 'TFPB', 'TDMZ', 'TDMW']"
0,,5038,5036,['TFPK']
7,,5109,5111,['TDBP']
18,,5036,5032,['TFPM']
29,,5111,544,['T868']
47,,5064,5054,"['TRJV', 'TRJW', 'TRJY']"
64,,5030,T440,['TFPW']
83,,552,554,"['T886','T888','T892','T894']"
105,,T440,LDUM,[]
127,,554,556,['T896']
156,,572,MKSB,['T912']
165,,5333,B312,"['TYWG','TYWH']"
193,,B312,LSDT,[]
197,,574,584,"['T930','T932']"
202,,584,586,['T934']
206,,586,C833,['T938']
214,,APUM,C836,['TRWN']
219,,C833,DMLS,[]
224,,C836,585,['TRWP']
228,,585,583,['T929']
233,RTD5045A(C),5045,X063,"['TDMZ', 'TDPA', 'TDPC', 'TRKC', 'TNGK', 'TNGM', 'TNGR', 'TNGS', 'TNGU']"
234,,X063,5063,[]
244,,583,581,['T927']
269,,5063,5053,[]
286,,T431,T433,[]
288,,555,551,"['T895','T891','T889','T887']"
289,,APUT,B305,[]
293,,B305,5332,[]
294,,T433,T435,[]
298,,T435,ATDM,[]
304,,5332,5330,"['TPRB','TPRC']"
308,,ATDM,T439,[]
312,,5108,5104,"['TFEV','TFEY','TFAB']"
315,,5330,5328,['TPRD']
318,,T439,5027,[]
334,,5027,5029,"['TDMB','TDMC']"
394,,5033,5035,['TDML']
415,,5035,5037,['TDMN']
457,RDC5076C(M),5076,X056,"['TFDR', 'TFDS', 'TFDU', 'TFDW', 'TFDY', 'TFML', 'TFMN', 'TFMP']"
458,,X056,5056,[]
472,RTD5045C(M),5045,X065,"['TDMZ', 'TDPA', 'TDPB', 'TDPF', 'TDPG', 'TDPJ', 'TDPK']"
473,,X065,5065,[]
544,RDW5308B(M),5308,X064,"['TRKG', 'TRKE', 'TRKC', 'TRKB', 'TRKA', 'TRJY', 'TRJW', 'TRJV']"
545,,X064,5064,[]
936,RDW5306A(M),5306,X063,"['TNGF', 'TNGJ', 'TNGK', 'TNGM', 'TNGR', 'TNGS', 'TNGU']"
993,RTD5045B-1(M),5045,X064,"['TDMZ', 'TDPA', 'TDPC', 'TRKC', 'TNGK', 'TNGM', 'TRKA', 'TRJY', 'TRJW', 'TRJV']"
1127,,5080,X302,"['TFBW', 'TFBY', 'TYTS', 'TYTV', 'TYTW']"
1128,RDC5080A(M),X302,5302,[]
1228,,MKSB,572,['T912']
1295,,572,571,[]
1870,RDW5300A(M),5300,X061,"['TPSF', 'TPSG', 'TPSH', 'TPSJ', 'TPSL', 'TPSM', 'TPSU']"
1871,,X061,5061,[]
3850,RDW5306B(M),5306,X064,"['TNGF', 'TNGJ', 'TNGK', 'TNGM', 'TRKA', 'TRJY', 'TRJW', 'TRJV']"
4735,RDW5308A(M),5308,X063,"['TRKG', 'TRKE', 'TRKC', 'TRKB', 'TRKA', 'TNGM', 'TNGR', 'TNGS', 'TNGU']"
5070,REC5475B(M),5475,X064,"['TECF', 'TECG', 'TFMY', 'TFMW', 'TDPB', 'TDPE', 'TRKB', 'TRKA', 'TRJY', 'TRJW', 'TRJV']"
5071,,X064,5054,[]
5504,,5064,X491,"['TRJS', 'TDCB', 'TDCF', 'TFDU', 'TFDS', 'TEDB', 'TEDC', 'TEDG', 'TEDH', 'TEDJ']"
5505,,X491,5491,[]
5637,,5491,5488,[]
5731,REC5486A(M),5488,X480,"['TEDG', 'TEDC', 'TEDB', 'TEDA', 'TECW', 'TGAU', 'TGAW']"
5732,,X480,5480,[]
6562,RDC5078B(M),5078,X054,"['TDCG', 'TDCF', 'TDCB', 'TRJS', 'TRJV', 'TRJW', 'TRJY']"
6563,,X054,5054,[]
8734,RDC5076B(M),5076,X484,"['TFDR', 'TFDS', 'TFDU', 'TFDW', 'TFDY', 'TECW', 'TECV', 'TECS']"
8735,,X484,5484,[]
8859,,5066,X493,"['TFDY', 'TFDW', 'TFDU', 'TFDS', 'TEDB', 'TEDC', 'TGAS', 'TGAR', 'TGAM']"
8860,,X493,5493,[]
9171,,5493,5486,[]
9196,,5486,X053,"['TGAS', 'TEDC', 'TEDB', 'TFDS', 'TFDU', 'TDCF', 'TDCB', 'TNGW', 'TNGU', 'TNGS', 'TNGR']"
9197,,X053,5053,[]
9583,,X063,5053,[]
10347,,5064,X493,"['TRJS', 'TDCB', 'TDCF', 'TFDU', 'TFDS', 'TEDB', 'TEDC', 'TGAS', 'TGAR', 'TGAM']"
10512,,556,X562,"['T898', 'T902', 'T904']"
10513,,X562,A562,[]
10563,,5486,X056,"['TGAS', 'TEDC', 'TEDB', 'TFDS', 'TFDU', 'TFDW', 'TFDY', 'TFML', 'TFMN', 'TFMP']"
10785,,5076,X055,"['TFDR', 'TFDS', 'TFDU', 'TDCF', 'TDCB', 'TDCA', 'TDPK', 'TDPJ', 'TDPG']"
10786,,X055,5055,[]
11114,,A562,574,"['T939', 'T908', 'T941', 'T918', 'T920', 'T922', 'T930']"
11130,,5045,X487,"['TDMZ', 'TFPB', 'TFMY', 'TFMW', 'TFMU', 'TECK', 'TECL', 'TECM', 'TECR', 'TECS', 'TECV']"
11131,,X487,5487,[]
11172,,5487,5484,[]
12163,,5486,X480,"['TGAS', 'TEDC', 'TEDB', 'TEDA', 'TECW', 'TGAU', 'TGAW']"
12286,,5045,X066,"['TDMZ', 'TFPB', 'TFMY', 'TFMW', 'TFMU', 'TFMR', 'TFMP', 'TFMN', 'TFML']"
12287,,X066,5066,[]
14138,,5076,X480,"['TFDR', 'TFDS', 'TFDU', 'TFDW', 'TFDY', 'TECW', 'TGAU', 'TGAW']"
15023,,5078,X055,"['TDCG', 'TDCF', 'TDCB', 'TDCA', 'TDPK', 'TDPJ', 'TDPG']"
15613,,X065,5055,[]
15773,,5486,X484,"['TGAS', 'TEDC', 'TEDB', 'TEDA', 'TECW', 'TECV', 'TECS']"
15831,,5066,X491,"['TFDY', 'TFDW', 'TFDU', 'TFDS', 'TEDB', 'TEDC', 'TEDG', 'TEDH', 'TEDJ']"
15938,,5486,X054,"['TGAS', 'TEDC', 'TEDB', 'TFDS', 'TFDU', 'TDCF', 'TDCB', 'TRJS', 'TRJV', 'TRJW', 'TRJY']"
15992,,5065,X493,"['TDCA', 'TDCB', 'TDCF', 'TFDU', 'TFDS', 'TEDB', 'TEDC', 'TGAS', 'TGAR', 'TGAM']"
16025,,5054,5064,[]
16068,,5488,X484,"['TEDG', 'TEDC', 'TEDB', 'TEDA', 'TECW', 'TECV', 'TECS']"
17727,,5481,X487,"['TNJH', 'TECM', 'TECR', 'TECS', 'TECV']"
17785,,5487,X491,"['TECW', 'TEDA', 'TEDB', 'TEDC', 'TEDG', 'TEDH', 'TEDJ']"
17968,,5488,X056,"['TEDG', 'TEDC', 'TFDR', 'TFDU', 'TFDW', 'TFDY', 'TFML', 'TFMN', 'TFMP']"
20947,,5475,X487,"['TECF', 'TECG', 'TECJ', 'TECK', 'TECL', 'TECM', 'TECR', 'TECS', 'TECV']"
21852,,5488,X054,"['TEDG', 'TEDC', 'TFDR', 'TFDU', 'TDCG', 'TDCB', 'TRJS', 'TRJV', 'TRJW', 'TRJY']"
22817,,5475,X066,"['TECF', 'TECG', 'TFMY', 'TFMW', 'TFMU', 'TFMR', 'TFMP', 'TFMN', 'TFML']"
22864,,5066,5056,[]
23107,,5483,X487,"['TNJP', 'TNJR', 'TECR', 'TECS', 'TECV']"
23217,,5487,X493,"['TECW', 'TEDA', 'TEDB', 'TEDC', 'TGAS', 'TGAR', 'TGAM']"
23415,,5486,X055,"['TGAS', 'TEDC', 'TEDB', 'TFDS', 'TFDU', 'TDCF', 'TDCB', 'TDCA', 'TDPK', 'TDPJ', 'TDPG']"
23536,,5475,X063,"['TECF', 'TECG', 'TFMY', 'TFMW', 'TDPB', 'TDPE', 'TRKB', 'TRKA', 'TNGM', 'TNGR', 'TNGS', 'TNGU']"
25436,,5089,X097,"['TFDK', 'TFDG', 'TFDE', 'TFDC', 'TFDB', 'TFMJ']"
25437,,X097,5097,[]
29399,,5078,X053,"['TDCG', 'TDCF', 'TDCB', 'TNGW', 'TNGU', 'TNGS', 'TNGR']"
29941,,5488,X055,"['TEDG', 'TEDC', 'TFDR', 'TFDU', 'TDCG', 'TDCB', 'TDCA', 'TDPK', 'TDPJ', 'TDPG']"
31787,,5063,X493,"['TNGW', 'TDCB', 'TDCF', 'TFDU', 'TFDS', 'TEDB', 'TEDC', 'TGAS', 'TGAR', 'TGAM']"
32071,,5474,EPAP,"['TECJ', 'TECF']"
34738,,5049,X063,"['TECD', 'TDPC', 'TRKC', 'TNGK', 'TNGM', 'TNGR', 'TNGS', 'TNGU']"
35470,,5055,5065,[]
38784,,5484,5487,[]
41697,,5104,X092,"['TFAB', 'TFAE', 'TFAG', 'TFAH', 'TFAJ', 'TFMB', 'TFMC']"
41698,,X092,5092,[]
42201,,5076,X053,"['TFDR', 'TFDS', 'TFDU', 'TDCF', 'TDCB', 'TNGW', 'TNGU', 'TNGS', 'TNGR']"
46738,,5056,EPAP,"['TFMR', 'TFMU', 'TFMW', 'TFMY', 'TECG']"
64419,,X056,5066,[]
64862,,5063,X491,"['TNGW', 'TDCB', 'TDCF', 'TFDU', 'TFDS', 'TEDB', 'TEDC', 'TEDG', 'TEDH', 'TEDJ']"
65278,,5065,X491,"['TDCA', 'TDCB', 'TDCF', 'TFDU', 'TFDS', 'TEDB', 'TEDC', 'TEDG', 'TEDH', 'TEDJ']"
65838,,A562,572,"['T939', 'T908', 'T941', 'T910', 'T911']"
65930,,569,X559,"['T915', 'T909', 'T907', 'T903']"
65931,,X559,A559,[]
68297,,A559,555,"['T940', 'T899', 'T897']"
68371,,571,X559,"['T911', 'T910', 'T941', 'T908', 'T909', 'T907', 'T903']"
68898,,5040,5039,[]
68962,,5053,5063,[]
69380,,5056,5066,[]
69654,,5486,5493,[]
72602,,5049,X064,"['TECD', 'TDPC', 'TRKC', 'TNGK', 'TNGM', 'TRKA', 'TRJY', 'TRJW', 'TRJV']"
74246,,5087,5078,[]
74526,,5313,5306,[]
75167,,5089,5076,[]
80247,,5054,EPAP,"['TRKA', 'TRKB', 'TDPE', 'TDPB', 'TFMW', 'TFMY', 'TECG', 'TECF']"
87575,,5488,X053,"['TEDG', 'TEDC', 'TFDR', 'TFDU', 'TDCG', 'TDCB', 'TNGW', 'TNGU', 'TNGS', 'TNGR']"
95390,,5483,X489,"['TNJP', 'TNJR', 'TNJS', 'TGAW', 'TGAU']"
95391,,X489,5489,[]
95459,,5489,X493,"['TECW', 'TEDA', 'TEDB', 'TEDC', 'TGAS', 'TGAR', 'TGAM']"
96986,,5488,5491,[]
98808,,5065,5055,[]
104070,,X061,5301,[]
104317,,5301,5061,[]
115964,,5321,5316,[]
118030,,X053,5063,[]
129784,,X054,5064,[]
145176,,5489,X491,"['TECW', 'TEDA', 'TEDB', 'TEDC', 'TEDG', 'TEDH', 'TEDJ']"
152103,,5304,X061,"['TYVC', 'TYVB', 'TPSH', 'TPSJ', 'TPSL', 'TPSM', 'TPSU']"
159683,,5310,X063,"['TRKE', 'TRKC', 'TRKB', 'TRKA', 'TNGM', 'TNGR', 'TNGS', 'TNGU']"
203336,,5310,X064,"['TRKE', 'TRKC', 'TRKB', 'TRKA', 'TRJY', 'TRJW', 'TRJV']"
215751,,X493,5486,[]
242873,,X055,5065,[]
244192,,5304,X062,"['TYVC', 'TYVB', 'TYVA', 'TYTW', 'TYTV', 'TYTS']"
244193,,X062,5062,[]
271556,,X562,B562,[]
272287,,B562,A562,[]
324200,,5076,X054,"['TFDR', 'TFDS', 'TFDU', 'TDCF', 'TDCB', 'TRJS', 'TRJV', 'TRJW', 'TRJY']"
328087,,5109,5102,[]
337614,,X491,5488,[]
338131,,5480,5489,[]
348781,,5098,5099,[]
361140,,X302,5062,[]
361361,,5062,5302,[]
368750,,5099,5098,[]
402991,,5503,5488,"['TGAJ', 'TGAK', 'TEDM', 'TEDK', 'TEDJ', 'TEDH']"
486990,,5061,5301,[]
494254,,5053,EPAP,"['TNGM', 'TRKA', 'TRKB', 'TDPE', 'TDPB', 'TFMW', 'TFMY', 'TECG', 'TECF']"
511212,,5311,5308,[]
676227,,5107,5098,[]
679472,,5045,5046,[]
774733,,5082,X301,[]
774735,,X301,5061,[]
